trial_id,protocol_number,fold_number,protocol,TN,TP,FN,FP,APCER,BPCER,ACER,EER,EER_Thresh,AUC,Multi_protocol_number,Multi_fold_number,Multi_protocol,Multi_TN,Multi_TP,Multi_FN,Multi_FP,Multi_APCER,Multi_BPCER,Multi_ACER,Multi_EER,Multi_EER_Thresh,Multi_AUC,time_this_iter_s,done,timesteps_total,episodes_total,training_iteration,experiment_id,date,timestamp,time_total_s,pid,hostname,node_ip,time_since_restore,timesteps_since_restore,iterations_since_restore,warmup_time,experiment_tag,config/HP_COMB,config/must_remove_normal,config/epochs,config/save_metrics_root,config/save_checkpoints_root,config/save_tb_root,config/dataset_root,config/dataset_name,config/dataset_csv_name,config/aug_root,config/aug_csv,config/train_subject_number,config/test_subject_number,config/get_train_frame_func,config/get_protocol_frame_dic_func,config/is_ray,config/get_stratified_name_col_func,config/process_dataset_metrics_func,config/stratified_name_list_func,config/n_folds,config/current_fold,config/HP_REPEAT,config/original_dataset_root,config/use_last_only,config/include_traditional_aug,config/aug_after_split,config/mode_info,config/must_use_normal_only,config/HP_AUG_PER
970c5_00000,2,0,LOO_SGS8,8770,900,0,612,0.0,0.06523129396717117,0.032615646983585586,0.061236742045227124,1.061236742045227,0.9673843530164143,2,0,LOO_SGS8,8,2,0,0,0.0,0.0,0.0,0.0,1.0,1.0,4277.042411565781,True,,,1,faac9a6483364bd598d65ecfff8365f9,2022-09-10_18-20-58,1662826858,4277.042411565781,49820,bigboi,192.168.0.26,4277.042411565781,0,1,0.002250194549560547,"0_HP_AUG_PER=0,HP_COMB=A_ASUS-IP7P-IPP2017_A_N,HP_REPEAT=1,current_fold=0","A@ASUS-IP7P-IPP2017,A@N",False,70,/home/jarred/Documents/SavedAntispoofing/SIW_90_Baseline/BeforeSplit/SpoofMetrics/Single/SIW_antispoof_09_10_2022_17_09_37,/home/jarred/Documents/SavedAntispoofing/SIW_90_Baseline/BeforeSplit/CheckPoints/Single/SIW_antispoof_09_10_2022_17_09_37,/home/jarred/Documents/SavedAntispoofing/SIW_90_Baseline/BeforeSplit/Tensorboard/Single/SIW_antispoof_09_10_2022_17_09_37,/home/jarred/Documents/Datasets/SIW,SIW,siw.csv,/home/jarred/Documents/Generated/SIW_90,SIW_90.csv,90,75,<function get_siw_train_frame_func at 0x7fc6ea0bd550>,<function get_siw_protocol_frame_dic at 0x7fc6dd7fc0d0>,True,<function get_siw_stratified_name_col at 0x7fc6dd7fadc0>,<function process_siw_dataset_metrics_func at 0x7fc6dd7fae50>,<function get_siw_stratified_name_list_func at 0x7fc6dd7fad30>,3,0,1,,False,False,False,_Baseline,False,0
970c5_00001,2,0,LOO_IPP2017,9302,1593,144,80,0.08290155440414508,0.008526966531656363,0.045714260467900725,0.07716261659567968,0.9307740626853723,0.9542857395320993,2,0,LOO_IPP2017,8,4,0,0,0.0,0.0,0.0,0.0,1.0,1.0,3726.7656030654907,True,,,1,e491a11dcc6e456dad93993db2ad1279,2022-09-10_18-11-50,1662826310,3726.7656030654907,49853,bigboi,192.168.0.26,3726.7656030654907,0,1,0.0017540454864501953,"1_HP_AUG_PER=0,HP_COMB=A_ASUS-IP7P-SGS8_A_N,HP_REPEAT=1,current_fold=0","A@ASUS-IP7P-SGS8,A@N",False,70,/home/jarred/Documents/SavedAntispoofing/SIW_90_Baseline/BeforeSplit/SpoofMetrics/Single/SIW_antispoof_09_10_2022_17_09_37,/home/jarred/Documents/SavedAntispoofing/SIW_90_Baseline/BeforeSplit/CheckPoints/Single/SIW_antispoof_09_10_2022_17_09_37,/home/jarred/Documents/SavedAntispoofing/SIW_90_Baseline/BeforeSplit/Tensorboard/Single/SIW_antispoof_09_10_2022_17_09_37,/home/jarred/Documents/Datasets/SIW,SIW,siw.csv,/home/jarred/Documents/Generated/SIW_90,SIW_90.csv,90,75,<function get_siw_train_frame_func at 0x7fc6ea0bd550>,<function get_siw_protocol_frame_dic at 0x7fc6dd7fc0d0>,True,<function get_siw_stratified_name_col at 0x7fc6dd7fadc0>,<function process_siw_dataset_metrics_func at 0x7fc6dd7fae50>,<function get_siw_stratified_name_list_func at 0x7fc6dd7fad30>,3,0,1,,False,False,False,_Baseline,False,0
970c5_00002,2,0,LOO_IP7P,9131,1772,0,251,0.0,0.02675335749307184,0.01337667874653592,0.026056264922661682,1.0260562649226617,0.9866233212534641,2,0,LOO_IP7P,8,4,0,0,0.0,0.0,0.0,0.0,1.0,1.0,3582.388335943222,True,,,1,06357dd3aa7045328172e6430be70ca6,2022-09-10_18-09-26,1662826166,3582.388335943222,49855,bigboi,192.168.0.26,3582.388335943222,0,1,0.0019330978393554688,"2_HP_AUG_PER=0,HP_COMB=A_ASUS-IPP2017-SGS8_A_N,HP_REPEAT=1,current_fold=0","A@ASUS-IPP2017-SGS8,A@N",False,70,/home/jarred/Documents/SavedAntispoofing/SIW_90_Baseline/BeforeSplit/SpoofMetrics/Single/SIW_antispoof_09_10_2022_17_09_37,/home/jarred/Documents/SavedAntispoofing/SIW_90_Baseline/BeforeSplit/CheckPoints/Single/SIW_antispoof_09_10_2022_17_09_37,/home/jarred/Documents/SavedAntispoofing/SIW_90_Baseline/BeforeSplit/Tensorboard/Single/SIW_antispoof_09_10_2022_17_09_37,/home/jarred/Documents/Datasets/SIW,SIW,siw.csv,/home/jarred/Documents/Generated/SIW_90,SIW_90.csv,90,75,<function get_siw_train_frame_func at 0x7fc6ea0bd550>,<function get_siw_protocol_frame_dic at 0x7fc6dd7fc0d0>,True,<function get_siw_stratified_name_col at 0x7fc6dd7fadc0>,<function process_siw_dataset_metrics_func at 0x7fc6dd7fae50>,<function get_siw_stratified_name_list_func at 0x7fc6dd7fad30>,3,0,1,,False,False,False,_Baseline,False,0
970c5_00003,2,0,LOO_ASUS,9320,1248,108,62,0.07964601769911504,0.006608399062033681,0.043127208380574364,0.07422481403800116,0.931933776254879,0.9568727916194256,2,0,LOO_ASUS,8,4,0,0,0.0,0.0,0.0,0.0,1.0,1.0,5604.851411342621,True,,,1,e673d5fd719e49dd9e3d8dbbc200ffad,2022-09-10_18-43-08,1662828188,5604.851411342621,49857,bigboi,192.168.0.26,5604.851411342621,0,1,0.001558065414428711,"3_HP_AUG_PER=0,HP_COMB=A_IP7P-IPP2017-SGS8_A_N,HP_REPEAT=1,current_fold=0","A@IP7P-IPP2017-SGS8,A@N",False,70,/home/jarred/Documents/SavedAntispoofing/SIW_90_Baseline/BeforeSplit/SpoofMetrics/Single/SIW_antispoof_09_10_2022_17_09_37,/home/jarred/Documents/SavedAntispoofing/SIW_90_Baseline/BeforeSplit/CheckPoints/Single/SIW_antispoof_09_10_2022_17_09_37,/home/jarred/Documents/SavedAntispoofing/SIW_90_Baseline/BeforeSplit/Tensorboard/Single/SIW_antispoof_09_10_2022_17_09_37,/home/jarred/Documents/Datasets/SIW,SIW,siw.csv,/home/jarred/Documents/Generated/SIW_90,SIW_90.csv,90,75,<function get_siw_train_frame_func at 0x7fc6ea0bd550>,<function get_siw_protocol_frame_dic at 0x7fc6dd7fc0d0>,True,<function get_siw_stratified_name_col at 0x7fc6dd7fadc0>,<function process_siw_dataset_metrics_func at 0x7fc6dd7fae50>,<function get_siw_stratified_name_list_func at 0x7fc6dd7fad30>,3,0,1,,False,False,False,_Baseline,False,0
970c5_00004,3,0,UnKnown_R,9366,3966,1799,16,0.3120555073720728,0.0017053933063312726,0.15688045033920206,0.23814666326379802,0.7631548158508485,0.8431195496607979,3,0,UnKnown_R,8,10,4,0,0.2857142857142857,0.0,0.14285714285714285,0.22222222222222224,0.7777777777777778,0.8571428571428572,4553.273763418198,True,,,1,267408e1696a4ad8bd6c71d470e148fd,2022-09-10_18-25-36,1662827136,4553.273763418198,49859,bigboi,192.168.0.26,4553.273763418198,0,1,0.0017397403717041016,"4_HP_AUG_PER=0,HP_COMB=A_P_A_N,HP_REPEAT=1,current_fold=0","A@P,A@N",False,70,/home/jarred/Documents/SavedAntispoofing/SIW_90_Baseline/BeforeSplit/SpoofMetrics/Single/SIW_antispoof_09_10_2022_17_09_37,/home/jarred/Documents/SavedAntispoofing/SIW_90_Baseline/BeforeSplit/CheckPoints/Single/SIW_antispoof_09_10_2022_17_09_37,/home/jarred/Documents/SavedAntispoofing/SIW_90_Baseline/BeforeSplit/Tensorboard/Single/SIW_antispoof_09_10_2022_17_09_37,/home/jarred/Documents/Datasets/SIW,SIW,siw.csv,/home/jarred/Documents/Generated/SIW_90,SIW_90.csv,90,75,<function get_siw_train_frame_func at 0x7fc6ea0bd550>,<function get_siw_protocol_frame_dic at 0x7fc6dd7fc0d0>,True,<function get_siw_stratified_name_col at 0x7fc6dd7fadc0>,<function process_siw_dataset_metrics_func at 0x7fc6dd7fae50>,<function get_siw_stratified_name_list_func at 0x7fc6dd7fad30>,3,0,1,,False,False,False,_Baseline,False,0
970c5_00005,3,0,UnKnown_P,9362,2128,73,20,0.033166742389822805,0.002131741632914091,0.017649242011368447,0.03216839618972603,0.9698991782683177,0.9823507579886316,3,0,UnKnown_P,8,4,0,0,0.0,0.0,0.0,0.0,1.0,1.0,4650.909294366837,True,,,1,12261b1a7a0645a18f72254e3ef29356,2022-09-10_18-27-14,1662827234,4650.909294366837,49861,bigboi,192.168.0.26,4650.909294366837,0,1,0.0018455982208251953,"5_HP_AUG_PER=0,HP_COMB=A_R_A_N,HP_REPEAT=1,current_fold=0","A@R,A@N",False,70,/home/jarred/Documents/SavedAntispoofing/SIW_90_Baseline/BeforeSplit/SpoofMetrics/Single/SIW_antispoof_09_10_2022_17_09_37,/home/jarred/Documents/SavedAntispoofing/SIW_90_Baseline/BeforeSplit/CheckPoints/Single/SIW_antispoof_09_10_2022_17_09_37,/home/jarred/Documents/SavedAntispoofing/SIW_90_Baseline/BeforeSplit/Tensorboard/Single/SIW_antispoof_09_10_2022_17_09_37,/home/jarred/Documents/Datasets/SIW,SIW,siw.csv,/home/jarred/Documents/Generated/SIW_90,SIW_90.csv,90,75,<function get_siw_train_frame_func at 0x7fc6ea0bd550>,<function get_siw_protocol_frame_dic at 0x7fc6dd7fc0d0>,True,<function get_siw_stratified_name_col at 0x7fc6dd7fadc0>,<function process_siw_dataset_metrics_func at 0x7fc6dd7fae50>,<function get_siw_stratified_name_list_func at 0x7fc6dd7fad30>,3,0,1,,False,False,False,_Baseline,False,0
970c5_00006,2,0,LOO_SGS8,9188,900,0,194,0.0,0.02067789383926668,0.01033894691963334,0.020258980785296574,1.0202589807852966,0.9896610530803667,2,0,LOO_SGS8,8,2,0,0,0.0,0.0,0.0,0.0,1.0,1.0,4250.235063076019,True,,,1,1ed790610f214eaf8e60e356d0c2e7cb,2022-09-10_18-20-33,1662826833,4250.235063076019,49863,bigboi,192.168.0.26,4250.235063076019,0,1,0.0015380382537841797,"6_HP_AUG_PER=0,HP_COMB=A_ASUS-IP7P-IPP2017_A_N,HP_REPEAT=2,current_fold=0","A@ASUS-IP7P-IPP2017,A@N",False,70,/home/jarred/Documents/SavedAntispoofing/SIW_90_Baseline/BeforeSplit/SpoofMetrics/Single/SIW_antispoof_09_10_2022_17_09_37,/home/jarred/Documents/SavedAntispoofing/SIW_90_Baseline/BeforeSplit/CheckPoints/Single/SIW_antispoof_09_10_2022_17_09_37,/home/jarred/Documents/SavedAntispoofing/SIW_90_Baseline/BeforeSplit/Tensorboard/Single/SIW_antispoof_09_10_2022_17_09_37,/home/jarred/Documents/Datasets/SIW,SIW,siw.csv,/home/jarred/Documents/Generated/SIW_90,SIW_90.csv,90,75,<function get_siw_train_frame_func at 0x7fc6ea0bd550>,<function get_siw_protocol_frame_dic at 0x7fc6dd7fc0d0>,True,<function get_siw_stratified_name_col at 0x7fc6dd7fadc0>,<function process_siw_dataset_metrics_func at 0x7fc6dd7fae50>,<function get_siw_stratified_name_list_func at 0x7fc6dd7fad30>,3,0,2,,False,False,False,_Baseline,False,0
970c5_00007,2,0,LOO_IPP2017,9306,1586,151,76,0.08693149107656879,0.008100618205073545,0.04751605464082117,0.08057935053822303,0.9269293502310758,0.9524839453591788,2,0,LOO_IPP2017,8,4,0,0,0.0,0.0,0.0,0.0,1.0,1.0,4602.257655382156,True,,,1,03861444a6f742e7921b6fec2f9ea819,2022-09-10_18-26-25,1662827185,4602.257655382156,49865,bigboi,192.168.0.26,4602.257655382156,0,1,0.002142667770385742,"7_HP_AUG_PER=0,HP_COMB=A_ASUS-IP7P-SGS8_A_N,HP_REPEAT=2,current_fold=0","A@ASUS-IP7P-SGS8,A@N",False,70,/home/jarred/Documents/SavedAntispoofing/SIW_90_Baseline/BeforeSplit/SpoofMetrics/Single/SIW_antispoof_09_10_2022_17_09_37,/home/jarred/Documents/SavedAntispoofing/SIW_90_Baseline/BeforeSplit/CheckPoints/Single/SIW_antispoof_09_10_2022_17_09_37,/home/jarred/Documents/SavedAntispoofing/SIW_90_Baseline/BeforeSplit/Tensorboard/Single/SIW_antispoof_09_10_2022_17_09_37,/home/jarred/Documents/Datasets/SIW,SIW,siw.csv,/home/jarred/Documents/Generated/SIW_90,SIW_90.csv,90,75,<function get_siw_train_frame_func at 0x7fc6ea0bd550>,<function get_siw_protocol_frame_dic at 0x7fc6dd7fc0d0>,True,<function get_siw_stratified_name_col at 0x7fc6dd7fadc0>,<function process_siw_dataset_metrics_func at 0x7fc6dd7fae50>,<function get_siw_stratified_name_list_func at 0x7fc6dd7fad30>,3,0,2,,False,False,False,_Baseline,False,0
970c5_00008,2,0,LOO_IP7P,8899,1772,0,483,0.0,0.05148156043487529,0.025740780217437646,0.048960973137354286,1.0489609731373544,0.9742592197825624,2,0,LOO_IP7P,8,4,0,0,0.0,0.0,0.0,0.0,1.0,1.0,5112.219541788101,True,,,1,8f7b399008024ec695b5388d637f295a,2022-09-10_19-34-43,1662831283,5112.219541788101,170607,bigboi,192.168.0.26,5112.219541788101,0,1,0.016398906707763672,"8_HP_AUG_PER=0,HP_COMB=A_ASUS-IPP2017-SGS8_A_N,HP_REPEAT=2,current_fold=0","A@ASUS-IPP2017-SGS8,A@N",False,70,/home/jarred/Documents/SavedAntispoofing/SIW_90_Baseline/BeforeSplit/SpoofMetrics/Single/SIW_antispoof_09_10_2022_17_09_37,/home/jarred/Documents/SavedAntispoofing/SIW_90_Baseline/BeforeSplit/CheckPoints/Single/SIW_antispoof_09_10_2022_17_09_37,/home/jarred/Documents/SavedAntispoofing/SIW_90_Baseline/BeforeSplit/Tensorboard/Single/SIW_antispoof_09_10_2022_17_09_37,/home/jarred/Documents/Datasets/SIW,SIW,siw.csv,/home/jarred/Documents/Generated/SIW_90,SIW_90.csv,90,75,<function get_siw_train_frame_func at 0x7fc6ea0bd550>,<function get_siw_protocol_frame_dic at 0x7fc6dd7fc0d0>,True,<function get_siw_stratified_name_col at 0x7fc6dd7fadc0>,<function process_siw_dataset_metrics_func at 0x7fc6dd7fae50>,<function get_siw_stratified_name_list_func at 0x7fc6dd7fad30>,3,0,2,,False,False,False,_Baseline,False,0
970c5_00009,2,0,LOO_ASUS,9364,1213,143,18,0.10545722713864307,0.0019185674696226818,0.05368789730413288,0.09556278451565296,0.90617577484773,0.9463121026958672,2,0,LOO_ASUS,8,4,0,0,0.0,0.0,0.0,0.0,1.0,1.0,4044.8238196372986,True,,,1,8bcd2b87b5ad467c81b27ec3d9a8d5eb,2022-09-10_19-19-17,1662830357,4044.8238196372986,175679,bigboi,192.168.0.26,4044.8238196372986,0,1,0.0022058486938476562,"9_HP_AUG_PER=0,HP_COMB=A_IP7P-IPP2017-SGS8_A_N,HP_REPEAT=2,current_fold=0","A@IP7P-IPP2017-SGS8,A@N",False,70,/home/jarred/Documents/SavedAntispoofing/SIW_90_Baseline/BeforeSplit/SpoofMetrics/Single/SIW_antispoof_09_10_2022_17_09_37,/home/jarred/Documents/SavedAntispoofing/SIW_90_Baseline/BeforeSplit/CheckPoints/Single/SIW_antispoof_09_10_2022_17_09_37,/home/jarred/Documents/SavedAntispoofing/SIW_90_Baseline/BeforeSplit/Tensorboard/Single/SIW_antispoof_09_10_2022_17_09_37,/home/jarred/Documents/Datasets/SIW,SIW,siw.csv,/home/jarred/Documents/Generated/SIW_90,SIW_90.csv,90,75,<function get_siw_train_frame_func at 0x7fc6ea0bd550>,<function get_siw_protocol_frame_dic at 0x7fc6dd7fc0d0>,True,<function get_siw_stratified_name_col at 0x7fc6dd7fadc0>,<function process_siw_dataset_metrics_func at 0x7fc6dd7fae50>,<function get_siw_stratified_name_list_func at 0x7fc6dd7fad30>,3,0,2,,False,False,False,_Baseline,False,0
970c5_00010,3,0,UnKnown_R,9361,4065,1700,21,0.2948829141370338,0.0022383287145597954,0.14856062142579682,0.22812373753973417,0.7736078511272528,0.8514393785742032,3,0,UnKnown_R,8,10,4,0,0.2857142857142857,0.0,0.14285714285714285,0.22222222222222224,0.7777777777777778,0.8571428571428572,3625.8728516101837,True,,,1,ce0cb24ba44e4ae19bfd2464e3e8e2d2,2022-09-10_19-21-03,1662830463,3625.8728516101837,193660,bigboi,192.168.0.26,3625.8728516101837,0,1,0.002355337142944336,"10_HP_AUG_PER=0,HP_COMB=A_P_A_N,HP_REPEAT=2,current_fold=0","A@P,A@N",False,70,/home/jarred/Documents/SavedAntispoofing/SIW_90_Baseline/BeforeSplit/SpoofMetrics/Single/SIW_antispoof_09_10_2022_17_09_37,/home/jarred/Documents/SavedAntispoofing/SIW_90_Baseline/BeforeSplit/CheckPoints/Single/SIW_antispoof_09_10_2022_17_09_37,/home/jarred/Documents/SavedAntispoofing/SIW_90_Baseline/BeforeSplit/Tensorboard/Single/SIW_antispoof_09_10_2022_17_09_37,/home/jarred/Documents/Datasets/SIW,SIW,siw.csv,/home/jarred/Documents/Generated/SIW_90,SIW_90.csv,90,75,<function get_siw_train_frame_func at 0x7fc6ea0bd550>,<function get_siw_protocol_frame_dic at 0x7fc6dd7fc0d0>,True,<function get_siw_stratified_name_col at 0x7fc6dd7fadc0>,<function process_siw_dataset_metrics_func at 0x7fc6dd7fae50>,<function get_siw_stratified_name_list_func at 0x7fc6dd7fad30>,3,0,2,,False,False,False,_Baseline,False,0
970c5_00011,3,0,UnKnown_P,9099,2198,3,283,0.0013630168105406633,0.030164144105734383,0.015763580458137524,0.02931970359037077,1.0279948442231146,0.9842364195418625,3,0,UnKnown_P,8,4,0,0,0.0,0.0,0.0,0.0,1.0,1.0,3538.647203207016,True,,,1,bcab2b929fda484494d6d537b76eaaee,2022-09-10_19-19-59,1662830399,3538.647203207016,194909,bigboi,192.168.0.26,3538.647203207016,0,1,0.0024683475494384766,"11_HP_AUG_PER=0,HP_COMB=A_R_A_N,HP_REPEAT=2,current_fold=0","A@R,A@N",False,70,/home/jarred/Documents/SavedAntispoofing/SIW_90_Baseline/BeforeSplit/SpoofMetrics/Single/SIW_antispoof_09_10_2022_17_09_37,/home/jarred/Documents/SavedAntispoofing/SIW_90_Baseline/BeforeSplit/CheckPoints/Single/SIW_antispoof_09_10_2022_17_09_37,/home/jarred/Documents/SavedAntispoofing/SIW_90_Baseline/BeforeSplit/Tensorboard/Single/SIW_antispoof_09_10_2022_17_09_37,/home/jarred/Documents/Datasets/SIW,SIW,siw.csv,/home/jarred/Documents/Generated/SIW_90,SIW_90.csv,90,75,<function get_siw_train_frame_func at 0x7fc6ea0bd550>,<function get_siw_protocol_frame_dic at 0x7fc6dd7fc0d0>,True,<function get_siw_stratified_name_col at 0x7fc6dd7fadc0>,<function process_siw_dataset_metrics_func at 0x7fc6dd7fae50>,<function get_siw_stratified_name_list_func at 0x7fc6dd7fad30>,3,0,2,,False,False,False,_Baseline,False,0
970c5_00012,2,1,LOO_SGS8,9014,900,0,368,0.0,0.03922404604561927,0.019612023022809635,0.03774358974358974,1.0377435897435898,0.9803879769771904,2,1,LOO_SGS8,8,2,0,0,0.0,0.0,0.0,0.0,1.0,1.0,3908.202238559723,True,,,1,3179310920c44c5c8f851de93c6dfa57,2022-09-10_19-30-48,1662831048,3908.202238559723,204007,bigboi,192.168.0.26,3908.202238559723,0,1,0.002146005630493164,"12_HP_AUG_PER=0,HP_COMB=A_ASUS-IP7P-IPP2017_A_N,HP_REPEAT=1,current_fold=1","A@ASUS-IP7P-IPP2017,A@N",False,70,/home/jarred/Documents/SavedAntispoofing/SIW_90_Baseline/BeforeSplit/SpoofMetrics/Single/SIW_antispoof_09_10_2022_17_09_37,/home/jarred/Documents/SavedAntispoofing/SIW_90_Baseline/BeforeSplit/CheckPoints/Single/SIW_antispoof_09_10_2022_17_09_37,/home/jarred/Documents/SavedAntispoofing/SIW_90_Baseline/BeforeSplit/Tensorboard/Single/SIW_antispoof_09_10_2022_17_09_37,/home/jarred/Documents/Datasets/SIW,SIW,siw.csv,/home/jarred/Documents/Generated/SIW_90,SIW_90.csv,90,75,<function get_siw_train_frame_func at 0x7fc6ea0bd550>,<function get_siw_protocol_frame_dic at 0x7fc6dd7fc0d0>,True,<function get_siw_stratified_name_col at 0x7fc6dd7fadc0>,<function process_siw_dataset_metrics_func at 0x7fc6dd7fae50>,<function get_siw_stratified_name_list_func at 0x7fc6dd7fad30>,3,1,1,,False,False,False,_Baseline,False,0
970c5_00013,2,1,LOO_IPP2017,9364,1539,198,18,0.11398963730569948,0.0019185674696226818,0.057954102387661084,0.10250211555499059,0.8992231046415077,0.9420458976123389,2,1,LOO_IPP2017,8,4,0,0,0.0,0.0,0.0,0.0,1.0,1.0,4071.798207759857,True,,,1,01137499306d4280a87f70d3bba97257,2022-09-10_19-34-22,1662831262,4071.798207759857,205955,bigboi,192.168.0.26,4071.798207759857,0,1,0.002374887466430664,"13_HP_AUG_PER=0,HP_COMB=A_ASUS-IP7P-SGS8_A_N,HP_REPEAT=1,current_fold=1","A@ASUS-IP7P-SGS8,A@N",False,70,/home/jarred/Documents/SavedAntispoofing/SIW_90_Baseline/BeforeSplit/SpoofMetrics/Single/SIW_antispoof_09_10_2022_17_09_37,/home/jarred/Documents/SavedAntispoofing/SIW_90_Baseline/BeforeSplit/CheckPoints/Single/SIW_antispoof_09_10_2022_17_09_37,/home/jarred/Documents/SavedAntispoofing/SIW_90_Baseline/BeforeSplit/Tensorboard/Single/SIW_antispoof_09_10_2022_17_09_37,/home/jarred/Documents/Datasets/SIW,SIW,siw.csv,/home/jarred/Documents/Generated/SIW_90,SIW_90.csv,90,75,<function get_siw_train_frame_func at 0x7fc6ea0bd550>,<function get_siw_protocol_frame_dic at 0x7fc6dd7fc0d0>,True,<function get_siw_stratified_name_col at 0x7fc6dd7fadc0>,<function process_siw_dataset_metrics_func at 0x7fc6dd7fae50>,<function get_siw_stratified_name_list_func at 0x7fc6dd7fad30>,3,1,1,,False,False,False,_Baseline,False,0
970c5_00014,2,1,LOO_IP7P,8645,1771,1,737,0.000564334085778781,0.07855467917288425,0.03955950662933152,0.07287141256032006,1.0723479068644195,0.9604404933706684,2,1,LOO_IP7P,8,4,0,0,0.0,0.0,0.0,0.0,1.0,1.0,4554.343893766403,True,,,1,5e6c545746b34a79bbcff01abce30594,2022-09-10_19-43-13,1662831793,4554.343893766403,207720,bigboi,192.168.0.26,4554.343893766403,0,1,0.006957530975341797,"14_HP_AUG_PER=0,HP_COMB=A_ASUS-IPP2017-SGS8_A_N,HP_REPEAT=1,current_fold=1","A@ASUS-IPP2017-SGS8,A@N",False,70,/home/jarred/Documents/SavedAntispoofing/SIW_90_Baseline/BeforeSplit/SpoofMetrics/Single/SIW_antispoof_09_10_2022_17_09_37,/home/jarred/Documents/SavedAntispoofing/SIW_90_Baseline/BeforeSplit/CheckPoints/Single/SIW_antispoof_09_10_2022_17_09_37,/home/jarred/Documents/SavedAntispoofing/SIW_90_Baseline/BeforeSplit/Tensorboard/Single/SIW_antispoof_09_10_2022_17_09_37,/home/jarred/Documents/Datasets/SIW,SIW,siw.csv,/home/jarred/Documents/Generated/SIW_90,SIW_90.csv,90,75,<function get_siw_train_frame_func at 0x7fc6ea0bd550>,<function get_siw_protocol_frame_dic at 0x7fc6dd7fc0d0>,True,<function get_siw_stratified_name_col at 0x7fc6dd7fadc0>,<function process_siw_dataset_metrics_func at 0x7fc6dd7fae50>,<function get_siw_stratified_name_list_func at 0x7fc6dd7fad30>,3,1,1,,False,False,False,_Baseline,False,0
970c5_00015,2,1,LOO_ASUS,9274,1240,116,108,0.0855457227138643,0.01151140481773609,0.0485285637658002,0.07964896585561268,0.9310689456914645,0.9514714362341998,2,1,LOO_ASUS,8,4,0,0,0.0,0.0,0.0,0.0,1.0,1.0,4115.808266401291,True,,,1,dde4c77fc8b64db09dfeac5d9435346d,2022-09-10_19-51-47,1662832307,4115.808266401291,239991,bigboi,192.168.0.26,4115.808266401291,0,1,0.0023877620697021484,"15_HP_AUG_PER=0,HP_COMB=A_IP7P-IPP2017-SGS8_A_N,HP_REPEAT=1,current_fold=1","A@IP7P-IPP2017-SGS8,A@N",False,70,/home/jarred/Documents/SavedAntispoofing/SIW_90_Baseline/BeforeSplit/SpoofMetrics/Single/SIW_antispoof_09_10_2022_17_09_37,/home/jarred/Documents/SavedAntispoofing/SIW_90_Baseline/BeforeSplit/CheckPoints/Single/SIW_antispoof_09_10_2022_17_09_37,/home/jarred/Documents/SavedAntispoofing/SIW_90_Baseline/BeforeSplit/Tensorboard/Single/SIW_antispoof_09_10_2022_17_09_37,/home/jarred/Documents/Datasets/SIW,SIW,siw.csv,/home/jarred/Documents/Generated/SIW_90,SIW_90.csv,90,75,<function get_siw_train_frame_func at 0x7fc6ea0bd550>,<function get_siw_protocol_frame_dic at 0x7fc6dd7fc0d0>,True,<function get_siw_stratified_name_col at 0x7fc6dd7fadc0>,<function process_siw_dataset_metrics_func at 0x7fc6dd7fae50>,<function get_siw_stratified_name_list_func at 0x7fc6dd7fad30>,3,1,1,,False,False,False,_Baseline,False,0
970c5_00016,3,1,UnKnown_R,9367,4015,1750,15,0.30355594102341715,0.001598806224685568,0.15257737362405135,0.2331535600596965,0.7680744421394179,0.8474226263759486,3,1,UnKnown_R,8,10,4,0,0.2857142857142857,0.0,0.14285714285714285,0.22222222222222224,0.7777777777777778,0.8571428571428572,4393.926029205322,True,,,1,d9170ad94cdd44b3ab8ec8fac821d5fa,2022-09-10_20-32-34,1662834754,4393.926029205322,313280,bigboi,192.168.0.26,4393.926029205322,0,1,0.002256155014038086,"16_HP_AUG_PER=0,HP_COMB=A_P_A_N,HP_REPEAT=1,current_fold=1","A@P,A@N",False,70,/home/jarred/Documents/SavedAntispoofing/SIW_90_Baseline/BeforeSplit/SpoofMetrics/Single/SIW_antispoof_09_10_2022_17_09_37,/home/jarred/Documents/SavedAntispoofing/SIW_90_Baseline/BeforeSplit/CheckPoints/Single/SIW_antispoof_09_10_2022_17_09_37,/home/jarred/Documents/SavedAntispoofing/SIW_90_Baseline/BeforeSplit/Tensorboard/Single/SIW_antispoof_09_10_2022_17_09_37,/home/jarred/Documents/Datasets/SIW,SIW,siw.csv,/home/jarred/Documents/Generated/SIW_90,SIW_90.csv,90,75,<function get_siw_train_frame_func at 0x7fc6ea0bd550>,<function get_siw_protocol_frame_dic at 0x7fc6dd7fc0d0>,True,<function get_siw_stratified_name_col at 0x7fc6dd7fadc0>,<function process_siw_dataset_metrics_func at 0x7fc6dd7fae50>,<function get_siw_stratified_name_list_func at 0x7fc6dd7fad30>,3,1,1,,False,False,False,_Baseline,False,0
970c5_00017,3,1,UnKnown_P,9343,1976,225,39,0.10222626079054975,0.004156896184182477,0.053191578487366116,0.09309635992549128,0.9106892808711379,0.9468084215126339,3,1,UnKnown_P,8,4,0,0,0.0,0.0,0.0,0.0,1.0,1.0,5779.94024181366,True,,,1,5dcc854b4f964ac0bc9b3cd60face6e3,2022-09-10_20-56-23,1662836183,5779.94024181366,314740,bigboi,192.168.0.26,5779.94024181366,0,1,0.003647327423095703,"17_HP_AUG_PER=0,HP_COMB=A_R_A_N,HP_REPEAT=1,current_fold=1","A@R,A@N",False,70,/home/jarred/Documents/SavedAntispoofing/SIW_90_Baseline/BeforeSplit/SpoofMetrics/Single/SIW_antispoof_09_10_2022_17_09_37,/home/jarred/Documents/SavedAntispoofing/SIW_90_Baseline/BeforeSplit/CheckPoints/Single/SIW_antispoof_09_10_2022_17_09_37,/home/jarred/Documents/SavedAntispoofing/SIW_90_Baseline/BeforeSplit/Tensorboard/Single/SIW_antispoof_09_10_2022_17_09_37,/home/jarred/Documents/Datasets/SIW,SIW,siw.csv,/home/jarred/Documents/Generated/SIW_90,SIW_90.csv,90,75,<function get_siw_train_frame_func at 0x7fc6ea0bd550>,<function get_siw_protocol_frame_dic at 0x7fc6dd7fc0d0>,True,<function get_siw_stratified_name_col at 0x7fc6dd7fadc0>,<function process_siw_dataset_metrics_func at 0x7fc6dd7fae50>,<function get_siw_stratified_name_list_func at 0x7fc6dd7fad30>,3,1,1,,False,False,False,_Baseline,False,0
970c5_00018,2,1,LOO_SGS8,8923,890,10,459,0.011111111111111112,0.048923470475378386,0.03001729079324475,0.04714095957129228,1.0364346782181608,0.9699827092067553,2,1,LOO_SGS8,8,2,0,0,0.0,0.0,0.0,0.0,1.0,1.0,2801.678141593933,True,,,1,299bedda372d44498b70aedd676c10c1,2022-09-10_20-07-47,1662833267,2801.678141593933,317140,bigboi,192.168.0.26,2801.678141593933,0,1,0.002122163772583008,"18_HP_AUG_PER=0,HP_COMB=A_ASUS-IP7P-IPP2017_A_N,HP_REPEAT=2,current_fold=1","A@ASUS-IP7P-IPP2017,A@N",False,70,/home/jarred/Documents/SavedAntispoofing/SIW_90_Baseline/BeforeSplit/SpoofMetrics/Single/SIW_antispoof_09_10_2022_17_09_37,/home/jarred/Documents/SavedAntispoofing/SIW_90_Baseline/BeforeSplit/CheckPoints/Single/SIW_antispoof_09_10_2022_17_09_37,/home/jarred/Documents/SavedAntispoofing/SIW_90_Baseline/BeforeSplit/Tensorboard/Single/SIW_antispoof_09_10_2022_17_09_37,/home/jarred/Documents/Datasets/SIW,SIW,siw.csv,/home/jarred/Documents/Generated/SIW_90,SIW_90.csv,90,75,<function get_siw_train_frame_func at 0x7fc6ea0bd550>,<function get_siw_protocol_frame_dic at 0x7fc6dd7fc0d0>,True,<function get_siw_stratified_name_col at 0x7fc6dd7fadc0>,<function process_siw_dataset_metrics_func at 0x7fc6dd7fae50>,<function get_siw_stratified_name_list_func at 0x7fc6dd7fad30>,3,1,2,,False,False,False,_Baseline,False,0
970c5_00019,2,1,LOO_IPP2017,9368,1575,162,14,0.09326424870466321,0.0014922191430398635,0.047378233923851536,0.08542465476250713,0.9159421316202133,0.9526217660761486,2,1,LOO_IPP2017,8,4,0,0,0.0,0.0,0.0,0.0,1.0,1.0,5750.6335978508,True,,,1,e936c236751148d7bfc2f8f8b82998c3,2022-09-10_21-06-42,1662836802,5750.6335978508,337397,bigboi,192.168.0.26,5750.6335978508,0,1,0.002300262451171875,"19_HP_AUG_PER=0,HP_COMB=A_ASUS-IP7P-SGS8_A_N,HP_REPEAT=2,current_fold=1","A@ASUS-IP7P-SGS8,A@N",False,70,/home/jarred/Documents/SavedAntispoofing/SIW_90_Baseline/BeforeSplit/SpoofMetrics/Single/SIW_antispoof_09_10_2022_17_09_37,/home/jarred/Documents/SavedAntispoofing/SIW_90_Baseline/BeforeSplit/CheckPoints/Single/SIW_antispoof_09_10_2022_17_09_37,/home/jarred/Documents/SavedAntispoofing/SIW_90_Baseline/BeforeSplit/Tensorboard/Single/SIW_antispoof_09_10_2022_17_09_37,/home/jarred/Documents/Datasets/SIW,SIW,siw.csv,/home/jarred/Documents/Generated/SIW_90,SIW_90.csv,90,75,<function get_siw_train_frame_func at 0x7fc6ea0bd550>,<function get_siw_protocol_frame_dic at 0x7fc6dd7fc0d0>,True,<function get_siw_stratified_name_col at 0x7fc6dd7fadc0>,<function process_siw_dataset_metrics_func at 0x7fc6dd7fae50>,<function get_siw_stratified_name_list_func at 0x7fc6dd7fad30>,3,1,2,,False,False,False,_Baseline,False,0
970c5_00020,2,1,LOO_IP7P,9310,1772,0,72,0.0,0.007674269878490727,0.0038371349392453636,0.007615823989845568,1.0076158239898456,0.9961628650607546,2,1,LOO_IP7P,8,4,0,0,0.0,0.0,0.0,0.0,1.0,1.0,3969.399440765381,True,,,1,7e93332114904644884430732ade33c1,2022-09-10_20-40-36,1662835236,3969.399440765381,344477,bigboi,192.168.0.26,3969.399440765381,0,1,0.017970800399780273,"20_HP_AUG_PER=0,HP_COMB=A_ASUS-IPP2017-SGS8_A_N,HP_REPEAT=2,current_fold=1","A@ASUS-IPP2017-SGS8,A@N",False,70,/home/jarred/Documents/SavedAntispoofing/SIW_90_Baseline/BeforeSplit/SpoofMetrics/Single/SIW_antispoof_09_10_2022_17_09_37,/home/jarred/Documents/SavedAntispoofing/SIW_90_Baseline/BeforeSplit/CheckPoints/Single/SIW_antispoof_09_10_2022_17_09_37,/home/jarred/Documents/SavedAntispoofing/SIW_90_Baseline/BeforeSplit/Tensorboard/Single/SIW_antispoof_09_10_2022_17_09_37,/home/jarred/Documents/Datasets/SIW,SIW,siw.csv,/home/jarred/Documents/Generated/SIW_90,SIW_90.csv,90,75,<function get_siw_train_frame_func at 0x7fc6ea0bd550>,<function get_siw_protocol_frame_dic at 0x7fc6dd7fc0d0>,True,<function get_siw_stratified_name_col at 0x7fc6dd7fadc0>,<function process_siw_dataset_metrics_func at 0x7fc6dd7fae50>,<function get_siw_stratified_name_list_func at 0x7fc6dd7fad30>,3,1,2,,False,False,False,_Baseline,False,0
970c5_00021,2,1,LOO_ASUS,9315,1181,175,67,0.1290560471976401,0.007141334470262204,0.06809869083395116,0.11503195896585094,0.8913333506153931,0.9319013091660489,2,1,LOO_ASUS,8,4,0,0,0.0,0.0,0.0,0.0,1.0,1.0,3504.6399762630463,True,,,1,7f67edaa201c4ee8ba2a41adbc494505,2022-09-10_20-33-10,1662834790,3504.6399762630463,345351,bigboi,192.168.0.26,3504.6399762630463,0,1,0.0022192001342773438,"21_HP_AUG_PER=0,HP_COMB=A_IP7P-IPP2017-SGS8_A_N,HP_REPEAT=2,current_fold=1","A@IP7P-IPP2017-SGS8,A@N",False,70,/home/jarred/Documents/SavedAntispoofing/SIW_90_Baseline/BeforeSplit/SpoofMetrics/Single/SIW_antispoof_09_10_2022_17_09_37,/home/jarred/Documents/SavedAntispoofing/SIW_90_Baseline/BeforeSplit/CheckPoints/Single/SIW_antispoof_09_10_2022_17_09_37,/home/jarred/Documents/SavedAntispoofing/SIW_90_Baseline/BeforeSplit/Tensorboard/Single/SIW_antispoof_09_10_2022_17_09_37,/home/jarred/Documents/Datasets/SIW,SIW,siw.csv,/home/jarred/Documents/Generated/SIW_90,SIW_90.csv,90,75,<function get_siw_train_frame_func at 0x7fc6ea0bd550>,<function get_siw_protocol_frame_dic at 0x7fc6dd7fc0d0>,True,<function get_siw_stratified_name_col at 0x7fc6dd7fadc0>,<function process_siw_dataset_metrics_func at 0x7fc6dd7fae50>,<function get_siw_stratified_name_list_func at 0x7fc6dd7fad30>,3,1,2,,False,False,False,_Baseline,False,0
970c5_00022,3,1,UnKnown_R,9360,4287,1478,22,0.2563746747614918,0.0023449157962055,0.12935979527884864,0.2044406625351637,0.7974292418905016,0.8706402047211513,3,1,UnKnown_R,8,10,4,0,0.2857142857142857,0.0,0.14285714285714285,0.22222222222222224,0.7777777777777778,0.8571428571428572,5024.546649694443,True,,,1,5e0c3eb308b64efdbd081f4e8e14824e,2022-09-10_21-07-00,1662836820,5024.546649694443,362730,bigboi,192.168.0.26,5024.546649694443,0,1,0.003194093704223633,"22_HP_AUG_PER=0,HP_COMB=A_P_A_N,HP_REPEAT=2,current_fold=1","A@P,A@N",False,70,/home/jarred/Documents/SavedAntispoofing/SIW_90_Baseline/BeforeSplit/SpoofMetrics/Single/SIW_antispoof_09_10_2022_17_09_37,/home/jarred/Documents/SavedAntispoofing/SIW_90_Baseline/BeforeSplit/CheckPoints/Single/SIW_antispoof_09_10_2022_17_09_37,/home/jarred/Documents/SavedAntispoofing/SIW_90_Baseline/BeforeSplit/Tensorboard/Single/SIW_antispoof_09_10_2022_17_09_37,/home/jarred/Documents/Datasets/SIW,SIW,siw.csv,/home/jarred/Documents/Generated/SIW_90,SIW_90.csv,90,75,<function get_siw_train_frame_func at 0x7fc6ea0bd550>,<function get_siw_protocol_frame_dic at 0x7fc6dd7fc0d0>,True,<function get_siw_stratified_name_col at 0x7fc6dd7fadc0>,<function process_siw_dataset_metrics_func at 0x7fc6dd7fae50>,<function get_siw_stratified_name_list_func at 0x7fc6dd7fad30>,3,1,2,,False,False,False,_Baseline,False,0
970c5_00023,3,1,UnKnown_P,9368,1980,221,14,0.1004089050431622,0.0014922191430398635,0.05095056209310103,0.09137080757029134,0.9099870925891894,0.949049437906899,3,1,UnKnown_P,8,4,0,0,0.0,0.0,0.0,0.0,1.0,1.0,4200.729043722153,True,,,1,8e7181ec8ee5465bb8cad23d1bd5a007,2022-09-10_21-01-52,1662836512,4200.729043722153,379929,bigboi,192.168.0.26,4200.729043722153,0,1,0.005089521408081055,"23_HP_AUG_PER=0,HP_COMB=A_R_A_N,HP_REPEAT=2,current_fold=1","A@R,A@N",False,70,/home/jarred/Documents/SavedAntispoofing/SIW_90_Baseline/BeforeSplit/SpoofMetrics/Single/SIW_antispoof_09_10_2022_17_09_37,/home/jarred/Documents/SavedAntispoofing/SIW_90_Baseline/BeforeSplit/CheckPoints/Single/SIW_antispoof_09_10_2022_17_09_37,/home/jarred/Documents/SavedAntispoofing/SIW_90_Baseline/BeforeSplit/Tensorboard/Single/SIW_antispoof_09_10_2022_17_09_37,/home/jarred/Documents/Datasets/SIW,SIW,siw.csv,/home/jarred/Documents/Generated/SIW_90,SIW_90.csv,90,75,<function get_siw_train_frame_func at 0x7fc6ea0bd550>,<function get_siw_protocol_frame_dic at 0x7fc6dd7fc0d0>,True,<function get_siw_stratified_name_col at 0x7fc6dd7fadc0>,<function process_siw_dataset_metrics_func at 0x7fc6dd7fae50>,<function get_siw_stratified_name_list_func at 0x7fc6dd7fad30>,3,1,2,,False,False,False,_Baseline,False,0
970c5_00024,2,2,LOO_SGS8,8886,900,0,496,0.0,0.05286719249626945,0.026433596248134725,0.050212593642437735,1.0502125936424376,0.9735664037518652,2,2,LOO_SGS8,8,2,0,0,0.0,0.0,0.0,0.0,1.0,1.0,5345.63303565979,True,,,1,10d00b0c0f874d269a245451c4ab4557,2022-09-10_21-36-59,1662838619,5345.63303565979,412311,bigboi,192.168.0.26,5345.63303565979,0,1,0.003170490264892578,"24_HP_AUG_PER=0,HP_COMB=A_ASUS-IP7P-IPP2017_A_N,HP_REPEAT=1,current_fold=2","A@ASUS-IP7P-IPP2017,A@N",False,70,/home/jarred/Documents/SavedAntispoofing/SIW_90_Baseline/BeforeSplit/SpoofMetrics/Single/SIW_antispoof_09_10_2022_17_09_37,/home/jarred/Documents/SavedAntispoofing/SIW_90_Baseline/BeforeSplit/CheckPoints/Single/SIW_antispoof_09_10_2022_17_09_37,/home/jarred/Documents/SavedAntispoofing/SIW_90_Baseline/BeforeSplit/Tensorboard/Single/SIW_antispoof_09_10_2022_17_09_37,/home/jarred/Documents/Datasets/SIW,SIW,siw.csv,/home/jarred/Documents/Generated/SIW_90,SIW_90.csv,90,75,<function get_siw_train_frame_func at 0x7fc6ea0bd550>,<function get_siw_protocol_frame_dic at 0x7fc6dd7fc0d0>,True,<function get_siw_stratified_name_col at 0x7fc6dd7fadc0>,<function process_siw_dataset_metrics_func at 0x7fc6dd7fae50>,<function get_siw_stratified_name_list_func at 0x7fc6dd7fad30>,3,2,1,,False,False,False,_Baseline,False,0
970c5_00025,2,2,LOO_IPP2017,8985,1552,185,397,0.10650546919976972,0.0423150714133447,0.07441027030655721,0.10008121612571115,0.9396814724884338,0.9255897296934429,2,2,LOO_IPP2017,8,4,0,0,0.0,0.0,0.0,0.0,1.0,1.0,2348.0227041244507,True,,,1,0638e0f205ff4e75aa2585450389f117,2022-09-10_21-11-45,1662837105,2348.0227041244507,462359,bigboi,192.168.0.26,2348.0227041244507,0,1,0.002370119094848633,"25_HP_AUG_PER=0,HP_COMB=A_ASUS-IP7P-SGS8_A_N,HP_REPEAT=1,current_fold=2","A@ASUS-IP7P-SGS8,A@N",False,70,/home/jarred/Documents/SavedAntispoofing/SIW_90_Baseline/BeforeSplit/SpoofMetrics/Single/SIW_antispoof_09_10_2022_17_09_37,/home/jarred/Documents/SavedAntispoofing/SIW_90_Baseline/BeforeSplit/CheckPoints/Single/SIW_antispoof_09_10_2022_17_09_37,/home/jarred/Documents/SavedAntispoofing/SIW_90_Baseline/BeforeSplit/Tensorboard/Single/SIW_antispoof_09_10_2022_17_09_37,/home/jarred/Documents/Datasets/SIW,SIW,siw.csv,/home/jarred/Documents/Generated/SIW_90,SIW_90.csv,90,75,<function get_siw_train_frame_func at 0x7fc6ea0bd550>,<function get_siw_protocol_frame_dic at 0x7fc6dd7fc0d0>,True,<function get_siw_stratified_name_col at 0x7fc6dd7fadc0>,<function process_siw_dataset_metrics_func at 0x7fc6dd7fae50>,<function get_siw_stratified_name_list_func at 0x7fc6dd7fad30>,3,2,1,,False,False,False,_Baseline,False,0
970c5_00026,2,2,LOO_IP7P,9365,1771,1,17,0.000564334085778781,0.0018119803879769773,0.001188157236877879,0.0018097224943988356,1.0012460916205956,0.9988118427631221,2,2,LOO_IP7P,8,4,0,0,0.0,0.0,0.0,0.0,1.0,1.0,4961.69636631012,True,,,1,d05c014abcf64ca998cbf3e3667d0cf6,2022-09-10_21-55-56,1662839756,4961.69636631012,463802,bigboi,192.168.0.26,4961.69636631012,0,1,0.002224445343017578,"26_HP_AUG_PER=0,HP_COMB=A_ASUS-IPP2017-SGS8_A_N,HP_REPEAT=1,current_fold=2","A@ASUS-IPP2017-SGS8,A@N",False,70,/home/jarred/Documents/SavedAntispoofing/SIW_90_Baseline/BeforeSplit/SpoofMetrics/Single/SIW_antispoof_09_10_2022_17_09_37,/home/jarred/Documents/SavedAntispoofing/SIW_90_Baseline/BeforeSplit/CheckPoints/Single/SIW_antispoof_09_10_2022_17_09_37,/home/jarred/Documents/SavedAntispoofing/SIW_90_Baseline/BeforeSplit/Tensorboard/Single/SIW_antispoof_09_10_2022_17_09_37,/home/jarred/Documents/Datasets/SIW,SIW,siw.csv,/home/jarred/Documents/Generated/SIW_90,SIW_90.csv,90,75,<function get_siw_train_frame_func at 0x7fc6ea0bd550>,<function get_siw_protocol_frame_dic at 0x7fc6dd7fc0d0>,True,<function get_siw_stratified_name_col at 0x7fc6dd7fadc0>,<function process_siw_dataset_metrics_func at 0x7fc6dd7fae50>,<function get_siw_stratified_name_list_func at 0x7fc6dd7fad30>,3,2,1,,False,False,False,_Baseline,False,0
970c5_00027,2,2,LOO_ASUS,9313,1251,105,69,0.07743362831858407,0.007354508633553613,0.04239406847606884,0.07236252618533351,0.934510338164845,0.9576059315239313,2,2,LOO_ASUS,8,4,0,0,0.0,0.0,0.0,0.0,1.0,1.0,3256.146581888199,True,,,1,cc31fded15074a589a5ef1ca4cf57cc7,2022-09-10_21-34-55,1662838495,3256.146581888199,479170,bigboi,192.168.0.26,3256.146581888199,0,1,0.0024728775024414062,"27_HP_AUG_PER=0,HP_COMB=A_IP7P-IPP2017-SGS8_A_N,HP_REPEAT=1,current_fold=2","A@IP7P-IPP2017-SGS8,A@N",False,70,/home/jarred/Documents/SavedAntispoofing/SIW_90_Baseline/BeforeSplit/SpoofMetrics/Single/SIW_antispoof_09_10_2022_17_09_37,/home/jarred/Documents/SavedAntispoofing/SIW_90_Baseline/BeforeSplit/CheckPoints/Single/SIW_antispoof_09_10_2022_17_09_37,/home/jarred/Documents/SavedAntispoofing/SIW_90_Baseline/BeforeSplit/Tensorboard/Single/SIW_antispoof_09_10_2022_17_09_37,/home/jarred/Documents/Datasets/SIW,SIW,siw.csv,/home/jarred/Documents/Generated/SIW_90,SIW_90.csv,90,75,<function get_siw_train_frame_func at 0x7fc6ea0bd550>,<function get_siw_protocol_frame_dic at 0x7fc6dd7fc0d0>,True,<function get_siw_stratified_name_col at 0x7fc6dd7fadc0>,<function process_siw_dataset_metrics_func at 0x7fc6dd7fae50>,<function get_siw_stratified_name_list_func at 0x7fc6dd7fad30>,3,2,1,,False,False,False,_Baseline,False,0
970c5_00028,3,2,UnKnown_R,9367,3743,2022,15,0.3507372072853426,0.001598806224685568,0.17616800675501407,0.25997125795960313,0.741213799276503,0.8238319932449859,3,2,UnKnown_R,8,10,4,0,0.2857142857142857,0.0,0.14285714285714285,0.22222222222222224,0.7777777777777778,0.8571428571428572,4413.5751740932465,True,,,1,d543fce3b150405d91e80ec10c38c60d,2022-09-10_22-10-01,1662840601,4413.5751740932465,511769,bigboi,192.168.0.26,4413.5751740932465,0,1,0.0036208629608154297,"28_HP_AUG_PER=0,HP_COMB=A_P_A_N,HP_REPEAT=1,current_fold=2","A@P,A@N",False,70,/home/jarred/Documents/SavedAntispoofing/SIW_90_Baseline/BeforeSplit/SpoofMetrics/Single/SIW_antispoof_09_10_2022_17_09_37,/home/jarred/Documents/SavedAntispoofing/SIW_90_Baseline/BeforeSplit/CheckPoints/Single/SIW_antispoof_09_10_2022_17_09_37,/home/jarred/Documents/SavedAntispoofing/SIW_90_Baseline/BeforeSplit/Tensorboard/Single/SIW_antispoof_09_10_2022_17_09_37,/home/jarred/Documents/Datasets/SIW,SIW,siw.csv,/home/jarred/Documents/Generated/SIW_90,SIW_90.csv,90,75,<function get_siw_train_frame_func at 0x7fc6ea0bd550>,<function get_siw_protocol_frame_dic at 0x7fc6dd7fc0d0>,True,<function get_siw_stratified_name_col at 0x7fc6dd7fadc0>,<function process_siw_dataset_metrics_func at 0x7fc6dd7fae50>,<function get_siw_stratified_name_list_func at 0x7fc6dd7fad30>,3,2,1,,False,False,False,_Baseline,False,0
970c5_00029,3,2,UnKnown_P,9241,2177,24,141,0.010904134484325307,0.01502877851204434,0.012966456498184824,0.014967044780179168,1.0041077012224047,0.9870335435018152,3,2,UnKnown_P,8,4,0,0,0.0,0.0,0.0,0.0,1.0,1.0,4554.886509656906,True,,,1,3c57168f1a9f44f882a6ad42cb8519e1,2022-09-10_22-17-50,1662841070,4554.886509656906,523030,bigboi,192.168.0.26,4554.886509656906,0,1,0.0036101341247558594,"29_HP_AUG_PER=0,HP_COMB=A_R_A_N,HP_REPEAT=1,current_fold=2","A@R,A@N",False,70,/home/jarred/Documents/SavedAntispoofing/SIW_90_Baseline/BeforeSplit/SpoofMetrics/Single/SIW_antispoof_09_10_2022_17_09_37,/home/jarred/Documents/SavedAntispoofing/SIW_90_Baseline/BeforeSplit/CheckPoints/Single/SIW_antispoof_09_10_2022_17_09_37,/home/jarred/Documents/SavedAntispoofing/SIW_90_Baseline/BeforeSplit/Tensorboard/Single/SIW_antispoof_09_10_2022_17_09_37,/home/jarred/Documents/Datasets/SIW,SIW,siw.csv,/home/jarred/Documents/Generated/SIW_90,SIW_90.csv,90,75,<function get_siw_train_frame_func at 0x7fc6ea0bd550>,<function get_siw_protocol_frame_dic at 0x7fc6dd7fc0d0>,True,<function get_siw_stratified_name_col at 0x7fc6dd7fadc0>,<function process_siw_dataset_metrics_func at 0x7fc6dd7fae50>,<function get_siw_stratified_name_list_func at 0x7fc6dd7fad30>,3,2,1,,False,False,False,_Baseline,False,0
970c5_00030,2,2,LOO_SGS8,9255,900,0,127,0.0,0.013536559369004476,0.006768279684502238,0.013355768219581449,1.0133557682195815,0.9932317203154978,2,2,LOO_SGS8,8,2,0,0,0.0,0.0,0.0,0.0,1.0,1.0,3982.0182132720947,True,,,1,2550e4b1b449454ea8c795c1394a243d,2022-09-10_22-13-07,1662840787,3982.0182132720947,533112,bigboi,192.168.0.26,3982.0182132720947,0,1,0.0021941661834716797,"30_HP_AUG_PER=0,HP_COMB=A_ASUS-IP7P-IPP2017_A_N,HP_REPEAT=2,current_fold=2","A@ASUS-IP7P-IPP2017,A@N",False,70,/home/jarred/Documents/SavedAntispoofing/SIW_90_Baseline/BeforeSplit/SpoofMetrics/Single/SIW_antispoof_09_10_2022_17_09_37,/home/jarred/Documents/SavedAntispoofing/SIW_90_Baseline/BeforeSplit/CheckPoints/Single/SIW_antispoof_09_10_2022_17_09_37,/home/jarred/Documents/SavedAntispoofing/SIW_90_Baseline/BeforeSplit/Tensorboard/Single/SIW_antispoof_09_10_2022_17_09_37,/home/jarred/Documents/Datasets/SIW,SIW,siw.csv,/home/jarred/Documents/Generated/SIW_90,SIW_90.csv,90,75,<function get_siw_train_frame_func at 0x7fc6ea0bd550>,<function get_siw_protocol_frame_dic at 0x7fc6dd7fc0d0>,True,<function get_siw_stratified_name_col at 0x7fc6dd7fadc0>,<function process_siw_dataset_metrics_func at 0x7fc6dd7fae50>,<function get_siw_stratified_name_list_func at 0x7fc6dd7fad30>,3,2,2,,False,False,False,_Baseline,False,0
970c5_00031,2,2,LOO_IPP2017,9374,1544,193,8,0.1111111111111111,0.0008526966531656363,0.05598190388213837,0.100076801638435,0.9006912147459145,0.9440180961178616,2,2,LOO_IPP2017,8,4,0,0,0.0,0.0,0.0,0.0,1.0,1.0,2695.462859392166,True,,,1,43f46ce3696c46809018e828014293d1,2022-09-10_21-51-58,1662839518,2695.462859392166,533898,bigboi,192.168.0.26,2695.462859392166,0,1,0.002409696578979492,"31_HP_AUG_PER=0,HP_COMB=A_ASUS-IP7P-SGS8_A_N,HP_REPEAT=2,current_fold=2","A@ASUS-IP7P-SGS8,A@N",False,70,/home/jarred/Documents/SavedAntispoofing/SIW_90_Baseline/BeforeSplit/SpoofMetrics/Single/SIW_antispoof_09_10_2022_17_09_37,/home/jarred/Documents/SavedAntispoofing/SIW_90_Baseline/BeforeSplit/CheckPoints/Single/SIW_antispoof_09_10_2022_17_09_37,/home/jarred/Documents/SavedAntispoofing/SIW_90_Baseline/BeforeSplit/Tensorboard/Single/SIW_antispoof_09_10_2022_17_09_37,/home/jarred/Documents/Datasets/SIW,SIW,siw.csv,/home/jarred/Documents/Generated/SIW_90,SIW_90.csv,90,75,<function get_siw_train_frame_func at 0x7fc6ea0bd550>,<function get_siw_protocol_frame_dic at 0x7fc6dd7fc0d0>,True,<function get_siw_stratified_name_col at 0x7fc6dd7fadc0>,<function process_siw_dataset_metrics_func at 0x7fc6dd7fae50>,<function get_siw_stratified_name_list_func at 0x7fc6dd7fad30>,3,2,2,,False,False,False,_Baseline,False,0
970c5_00032,2,2,LOO_IP7P,9380,1768,4,2,0.002257336343115124,0.00021317416329140907,0.0012352552532032665,0.002252731394934062,0.9979600078947471,0.9987647447467968,2,2,LOO_IP7P,8,4,0,0,0.0,0.0,0.0,0.0,1.0,1.0,2541.750035762787,True,,,1,9b85eb1115354355b780dfcea00e1a60,2022-09-10_21-54-10,1662839650,2541.750035762787,543508,bigboi,192.168.0.26,2541.750035762787,0,1,0.0023856163024902344,"32_HP_AUG_PER=0,HP_COMB=A_ASUS-IPP2017-SGS8_A_N,HP_REPEAT=2,current_fold=2","A@ASUS-IPP2017-SGS8,A@N",False,70,/home/jarred/Documents/SavedAntispoofing/SIW_90_Baseline/BeforeSplit/SpoofMetrics/Single/SIW_antispoof_09_10_2022_17_09_37,/home/jarred/Documents/SavedAntispoofing/SIW_90_Baseline/BeforeSplit/CheckPoints/Single/SIW_antispoof_09_10_2022_17_09_37,/home/jarred/Documents/SavedAntispoofing/SIW_90_Baseline/BeforeSplit/Tensorboard/Single/SIW_antispoof_09_10_2022_17_09_37,/home/jarred/Documents/Datasets/SIW,SIW,siw.csv,/home/jarred/Documents/Generated/SIW_90,SIW_90.csv,90,75,<function get_siw_train_frame_func at 0x7fc6ea0bd550>,<function get_siw_protocol_frame_dic at 0x7fc6dd7fc0d0>,True,<function get_siw_stratified_name_col at 0x7fc6dd7fadc0>,<function process_siw_dataset_metrics_func at 0x7fc6dd7fae50>,<function get_siw_stratified_name_list_func at 0x7fc6dd7fad30>,3,2,2,,False,False,False,_Baseline,False,0
970c5_00033,2,2,LOO_ASUS,9369,1231,125,13,0.09218289085545722,0.001385632061394159,0.046784261458425694,0.08450964660231264,0.9167606463418831,0.9532157385415743,2,2,LOO_ASUS,8,4,0,0,0.0,0.0,0.0,0.0,1.0,1.0,3674.5198180675507,True,,,1,2c722e2560a04af483458e6974126037,2022-09-10_22-36-13,1662842173,3674.5198180675507,590654,bigboi,192.168.0.26,3674.5198180675507,0,1,0.0023946762084960938,"33_HP_AUG_PER=0,HP_COMB=A_IP7P-IPP2017-SGS8_A_N,HP_REPEAT=2,current_fold=2","A@IP7P-IPP2017-SGS8,A@N",False,70,/home/jarred/Documents/SavedAntispoofing/SIW_90_Baseline/BeforeSplit/SpoofMetrics/Single/SIW_antispoof_09_10_2022_17_09_37,/home/jarred/Documents/SavedAntispoofing/SIW_90_Baseline/BeforeSplit/CheckPoints/Single/SIW_antispoof_09_10_2022_17_09_37,/home/jarred/Documents/SavedAntispoofing/SIW_90_Baseline/BeforeSplit/Tensorboard/Single/SIW_antispoof_09_10_2022_17_09_37,/home/jarred/Documents/Datasets/SIW,SIW,siw.csv,/home/jarred/Documents/Generated/SIW_90,SIW_90.csv,90,75,<function get_siw_train_frame_func at 0x7fc6ea0bd550>,<function get_siw_protocol_frame_dic at 0x7fc6dd7fc0d0>,True,<function get_siw_stratified_name_col at 0x7fc6dd7fadc0>,<function process_siw_dataset_metrics_func at 0x7fc6dd7fae50>,<function get_siw_stratified_name_list_func at 0x7fc6dd7fad30>,3,2,2,,False,False,False,_Baseline,False,0
970c5_00034,3,2,UnKnown_R,9369,4397,1368,13,0.2372940156114484,0.001385632061394159,0.11933982383642128,0.19199968118204183,0.8091214634592896,0.8806601761635786,3,2,UnKnown_R,8,10,4,0,0.2857142857142857,0.0,0.14285714285714285,0.22222222222222224,0.7777777777777778,0.8571428571428572,4121.689651012421,True,,,1,2c0bf226593f4876b27b7f92374bc20e,2022-09-10_22-45-43,1662842743,4121.689651012421,595037,bigboi,192.168.0.26,4121.689651012421,0,1,0.003970146179199219,"34_HP_AUG_PER=0,HP_COMB=A_P_A_N,HP_REPEAT=2,current_fold=2","A@P,A@N",False,70,/home/jarred/Documents/SavedAntispoofing/SIW_90_Baseline/BeforeSplit/SpoofMetrics/Single/SIW_antispoof_09_10_2022_17_09_37,/home/jarred/Documents/SavedAntispoofing/SIW_90_Baseline/BeforeSplit/CheckPoints/Single/SIW_antispoof_09_10_2022_17_09_37,/home/jarred/Documents/SavedAntispoofing/SIW_90_Baseline/BeforeSplit/Tensorboard/Single/SIW_antispoof_09_10_2022_17_09_37,/home/jarred/Documents/Datasets/SIW,SIW,siw.csv,/home/jarred/Documents/Generated/SIW_90,SIW_90.csv,90,75,<function get_siw_train_frame_func at 0x7fc6ea0bd550>,<function get_siw_protocol_frame_dic at 0x7fc6dd7fc0d0>,True,<function get_siw_stratified_name_col at 0x7fc6dd7fadc0>,<function process_siw_dataset_metrics_func at 0x7fc6dd7fae50>,<function get_siw_stratified_name_list_func at 0x7fc6dd7fad30>,3,2,2,,False,False,False,_Baseline,False,0
970c5_00035,3,2,UnKnown_P,9358,2045,156,24,0.0708768741481145,0.002558089959496909,0.036717482053805706,0.06634431145189694,0.9360501891385236,0.9632825179461943,3,2,UnKnown_P,8,4,0,0,0.0,0.0,0.0,0.0,1.0,1.0,3101.45224237442,True,,,1,633c74b16e4242afad9a07493864e9fe,2022-09-10_22-43-45,1662842625,3101.45224237442,625430,bigboi,192.168.0.26,3101.45224237442,0,1,0.0034360885620117188,"35_HP_AUG_PER=0,HP_COMB=A_R_A_N,HP_REPEAT=2,current_fold=2","A@R,A@N",False,70,/home/jarred/Documents/SavedAntispoofing/SIW_90_Baseline/BeforeSplit/SpoofMetrics/Single/SIW_antispoof_09_10_2022_17_09_37,/home/jarred/Documents/SavedAntispoofing/SIW_90_Baseline/BeforeSplit/CheckPoints/Single/SIW_antispoof_09_10_2022_17_09_37,/home/jarred/Documents/SavedAntispoofing/SIW_90_Baseline/BeforeSplit/Tensorboard/Single/SIW_antispoof_09_10_2022_17_09_37,/home/jarred/Documents/Datasets/SIW,SIW,siw.csv,/home/jarred/Documents/Generated/SIW_90,SIW_90.csv,90,75,<function get_siw_train_frame_func at 0x7fc6ea0bd550>,<function get_siw_protocol_frame_dic at 0x7fc6dd7fc0d0>,True,<function get_siw_stratified_name_col at 0x7fc6dd7fadc0>,<function process_siw_dataset_metrics_func at 0x7fc6dd7fae50>,<function get_siw_stratified_name_list_func at 0x7fc6dd7fad30>,3,2,2,,False,False,False,_Baseline,False,0
