,Multi_protocol_number,Multi_fold_number,Multi_protocol,Multi_TN,Multi_TP,Multi_FN,Multi_FP,Multi_APCER,Multi_BPCER,Multi_ACER,Multi_EER,Multi_EER_Thresh,Multi_AUC,when_aug_performed,aug_type,window_size,config/HP_AUG_PER,config/HP_REPEAT,protocol_number,protocol,fold_number
0,2,2,LOO_SGS8,8,2,0,0,0.0,0.0,0.0,0.0,1.0,1.0,None,Baseline,7,0,1,2,LOO_SGS8,2
1,2,1,LOO_SGS8,8,2,0,0,0.0,0.0,0.0,0.0,1.0,1.0,None,Baseline,7,0,1,2,LOO_SGS8,1
2,2,0,LOO_SGS8,8,2,0,0,0.0,0.0,0.0,0.0,1.0,1.0,None,Baseline,7,0,1,2,LOO_SGS8,0
3,2,2,LOO_IPP2017,8,4,0,0,0.0,0.0,0.0,0.0,1.0,1.0,None,Baseline,7,0,1,2,LOO_IPP2017,2
4,2,1,LOO_IPP2017,8,4,0,0,0.0,0.0,0.0,0.0,1.0,1.0,None,Baseline,7,0,1,2,LOO_IPP2017,1
5,2,0,LOO_IPP2017,8,4,0,0,0.0,0.0,0.0,0.0,1.0,1.0,None,Baseline,7,0,1,2,LOO_IPP2017,0
6,3,2,UnKnown_P,8,4,0,0,0.0,0.0,0.0,0.0,1.0,1.0,None,Baseline,7,0,1,3,UnKnown_P,2
7,3,1,UnKnown_P,8,4,0,0,0.0,0.0,0.0,0.0,1.0,1.0,None,Baseline,7,0,1,3,UnKnown_P,1
8,3,0,UnKnown_P,8,4,0,0,0.0,0.0,0.0,0.0,1.0,1.0,None,Baseline,7,0,1,3,UnKnown_P,0
9,2,2,LOO_SGS8,8,2,0,0,0.0,0.0,0.0,0.0,1.0,1.0,None,Baseline,7,0,2,2,LOO_SGS8,2
10,2,1,LOO_SGS8,8,2,0,0,0.0,0.0,0.0,0.0,1.0,1.0,None,Baseline,7,0,2,2,LOO_SGS8,1
11,2,0,LOO_SGS8,8,2,0,0,0.0,0.0,0.0,0.0,1.0,1.0,None,Baseline,7,0,2,2,LOO_SGS8,0
12,2,2,LOO_IPP2017,8,4,0,0,0.0,0.0,0.0,0.0,1.0,1.0,None,Baseline,7,0,2,2,LOO_IPP2017,2
13,2,1,LOO_IPP2017,8,4,0,0,0.0,0.0,0.0,0.0,1.0,1.0,None,Baseline,7,0,2,2,LOO_IPP2017,1
14,2,0,LOO_IPP2017,8,4,0,0,0.0,0.0,0.0,0.0,1.0,1.0,None,Baseline,7,0,2,2,LOO_IPP2017,0
15,2,2,LOO_IP7P,8,4,0,0,0.0,0.0,0.0,0.0,1.0,1.0,None,Baseline,7,0,2,2,LOO_IP7P,2
16,2,1,LOO_IP7P,8,4,0,0,0.0,0.0,0.0,0.0,1.0,1.0,None,Baseline,7,0,2,2,LOO_IP7P,1
17,2,0,LOO_IP7P,8,4,0,0,0.0,0.0,0.0,0.0,1.0,1.0,None,Baseline,7,0,2,2,LOO_IP7P,0
18,3,2,UnKnown_R,8,13,1,0,0.07142857142857142,0.0,0.03571428571428571,0.06666666666666664,0.9333333333333333,0.9642857142857143,None,Baseline,7,0,1,3,UnKnown_R,2
19,3,1,UnKnown_R,8,13,1,0,0.07142857142857142,0.0,0.03571428571428571,0.06666666666666664,0.9333333333333333,0.9642857142857143,None,Baseline,7,0,1,3,UnKnown_R,1
20,3,0,UnKnown_R,8,13,1,0,0.07142857142857142,0.0,0.03571428571428571,0.06666666666666664,0.9333333333333333,0.9642857142857143,None,Baseline,7,0,1,3,UnKnown_R,0
21,3,2,UnKnown_R,8,14,0,0,0.0,0.0,0.0,0.0,1.0,1.0,None,Baseline,7,0,2,3,UnKnown_R,2
22,3,1,UnKnown_R,8,13,1,0,0.07142857142857142,0.0,0.03571428571428571,0.06666666666666664,0.9333333333333333,0.9642857142857143,None,Baseline,7,0,2,3,UnKnown_R,1
23,3,0,UnKnown_R,8,13,1,0,0.07142857142857142,0.0,0.03571428571428571,0.06666666666666664,0.9333333333333333,0.9642857142857143,None,Baseline,7,0,2,3,UnKnown_R,0
24,2,2,LOO_IP7P,8,4,0,0,0.0,0.0,0.0,0.0,1.0,1.0,None,Baseline,7,0,1,2,LOO_IP7P,2
25,2,1,LOO_IP7P,8,4,0,0,0.0,0.0,0.0,0.0,1.0,1.0,None,Baseline,7,0,1,2,LOO_IP7P,1
26,2,0,LOO_IP7P,8,4,0,0,0.0,0.0,0.0,0.0,1.0,1.0,None,Baseline,7,0,1,2,LOO_IP7P,0
27,3,2,UnKnown_P,8,4,0,0,0.0,0.0,0.0,0.0,1.0,1.0,None,Baseline,7,0,2,3,UnKnown_P,2
28,3,1,UnKnown_P,8,4,0,0,0.0,0.0,0.0,0.0,1.0,1.0,None,Baseline,7,0,2,3,UnKnown_P,1
29,3,0,UnKnown_P,8,4,0,0,0.0,0.0,0.0,0.0,1.0,1.0,None,Baseline,7,0,2,3,UnKnown_P,0
30,2,2,LOO_ASUS,8,4,0,0,0.0,0.0,0.0,0.0,1.0,1.0,None,Baseline,7,0,1,2,LOO_ASUS,2
31,2,1,LOO_ASUS,8,4,0,0,0.0,0.0,0.0,0.0,1.0,1.0,None,Baseline,7,0,1,2,LOO_ASUS,1
32,2,0,LOO_ASUS,8,4,0,0,0.0,0.0,0.0,0.0,1.0,1.0,None,Baseline,7,0,1,2,LOO_ASUS,0
33,2,2,LOO_ASUS,8,4,0,0,0.0,0.0,0.0,0.0,1.0,1.0,None,Baseline,7,0,2,2,LOO_ASUS,2
34,2,1,LOO_ASUS,8,4,0,0,0.0,0.0,0.0,0.0,1.0,1.0,None,Baseline,7,0,2,2,LOO_ASUS,1
35,2,0,LOO_ASUS,8,4,0,0,0.0,0.0,0.0,0.0,1.0,1.0,None,Baseline,7,0,2,2,LOO_ASUS,0
36,2,2,LOO_ASUS,8,4,0,0,0.0,0.0,0.0,0.0,1.0,1.0,AfterSplit,GenAugSpoofOnly,7,0.05,1,2,LOO_ASUS,2
37,2,1,LOO_ASUS,8,4,0,0,0.0,0.0,0.0,0.0,1.0,1.0,AfterSplit,GenAugSpoofOnly,7,0.05,1,2,LOO_ASUS,1
38,2,0,LOO_ASUS,8,4,0,0,0.0,0.0,0.0,0.0,1.0,1.0,AfterSplit,GenAugSpoofOnly,7,0.05,1,2,LOO_ASUS,0
39,3,2,UnKnown_P,8,4,0,0,0.0,0.0,0.0,0.0,1.0,1.0,AfterSplit,GenAugSpoofOnly,7,0.05,1,3,UnKnown_P,2
40,3,1,UnKnown_P,8,4,0,0,0.0,0.0,0.0,0.0,1.0,1.0,AfterSplit,GenAugSpoofOnly,7,0.05,1,3,UnKnown_P,1
41,3,0,UnKnown_P,8,4,0,0,0.0,0.0,0.0,0.0,1.0,1.0,AfterSplit,GenAugSpoofOnly,7,0.05,1,3,UnKnown_P,0
42,3,2,UnKnown_P,8,4,0,0,0.0,0.0,0.0,0.0,1.0,1.0,AfterSplit,GenAugSpoofOnly,7,0.1,2,3,UnKnown_P,2
43,3,1,UnKnown_P,8,3,1,0,0.25,0.0,0.125,0.2,0.8,0.875,AfterSplit,GenAugSpoofOnly,7,0.1,2,3,UnKnown_P,1
44,3,0,UnKnown_P,8,4,0,0,0.0,0.0,0.0,0.0,1.0,1.0,AfterSplit,GenAugSpoofOnly,7,0.1,2,3,UnKnown_P,0
45,2,2,LOO_ASUS,8,4,0,0,0.0,0.0,0.0,0.0,1.0,1.0,AfterSplit,GenAugSpoofOnly,7,0.2,2,2,LOO_ASUS,2
46,2,1,LOO_ASUS,8,4,0,0,0.0,0.0,0.0,0.0,1.0,1.0,AfterSplit,GenAugSpoofOnly,7,0.2,2,2,LOO_ASUS,1
47,2,0,LOO_ASUS,8,4,0,0,0.0,0.0,0.0,0.0,1.0,1.0,AfterSplit,GenAugSpoofOnly,7,0.2,2,2,LOO_ASUS,0
48,2,2,LOO_IPP2017,8,4,0,0,0.0,0.0,0.0,0.0,1.0,1.0,AfterSplit,GenAugSpoofOnly,7,0.1,1,2,LOO_IPP2017,2
49,2,1,LOO_IPP2017,8,4,0,0,0.0,0.0,0.0,0.0,1.0,1.0,AfterSplit,GenAugSpoofOnly,7,0.1,1,2,LOO_IPP2017,1
50,2,0,LOO_IPP2017,8,4,0,0,0.0,0.0,0.0,0.0,1.0,1.0,AfterSplit,GenAugSpoofOnly,7,0.1,1,2,LOO_IPP2017,0
51,2,2,LOO_IP7P,8,4,0,0,0.0,0.0,0.0,0.0,1.0,1.0,AfterSplit,GenAugSpoofOnly,7,0.3,1,2,LOO_IP7P,2
52,2,1,LOO_IP7P,8,4,0,0,0.0,0.0,0.0,0.0,1.0,1.0,AfterSplit,GenAugSpoofOnly,7,0.3,1,2,LOO_IP7P,1
53,2,0,LOO_IP7P,8,4,0,0,0.0,0.0,0.0,0.0,1.0,1.0,AfterSplit,GenAugSpoofOnly,7,0.3,1,2,LOO_IP7P,0
54,2,2,LOO_IPP2017,8,4,0,0,0.0,0.0,0.0,0.0,1.0,1.0,AfterSplit,GenAugSpoofOnly,7,0.1,2,2,LOO_IPP2017,2
55,2,1,LOO_IPP2017,8,4,0,0,0.0,0.0,0.0,0.0,1.0,1.0,AfterSplit,GenAugSpoofOnly,7,0.1,2,2,LOO_IPP2017,1
56,2,0,LOO_IPP2017,8,4,0,0,0.0,0.0,0.0,0.0,1.0,1.0,AfterSplit,GenAugSpoofOnly,7,0.1,2,2,LOO_IPP2017,0
57,3,2,UnKnown_R,8,12,2,0,0.14285714285714285,0.0,0.07142857142857142,0.12500000000000006,0.875,0.9285714285714286,AfterSplit,GenAugSpoofOnly,7,0.2,1,3,UnKnown_R,2
58,3,1,UnKnown_R,8,14,0,0,0.0,0.0,0.0,0.0,1.0,1.0,AfterSplit,GenAugSpoofOnly,7,0.2,1,3,UnKnown_R,1
59,3,0,UnKnown_R,8,12,2,0,0.14285714285714285,0.0,0.07142857142857142,0.12500000000000006,0.875,0.9285714285714286,AfterSplit,GenAugSpoofOnly,7,0.2,1,3,UnKnown_R,0
60,2,2,LOO_SGS8,8,2,0,0,0.0,0.0,0.0,0.0,1.0,1.0,AfterSplit,GenAugSpoofOnly,7,0.3,1,2,LOO_SGS8,2
61,2,1,LOO_SGS8,8,2,0,0,0.0,0.0,0.0,0.0,1.0,1.0,AfterSplit,GenAugSpoofOnly,7,0.3,1,2,LOO_SGS8,1
62,2,0,LOO_SGS8,8,2,0,0,0.0,0.0,0.0,0.0,1.0,1.0,AfterSplit,GenAugSpoofOnly,7,0.3,1,2,LOO_SGS8,0
63,2,2,LOO_SGS8,8,2,0,0,0.0,0.0,0.0,0.0,1.0,1.0,AfterSplit,GenAugSpoofOnly,7,0.2,1,2,LOO_SGS8,2
64,2,1,LOO_SGS8,8,2,0,0,0.0,0.0,0.0,0.0,1.0,1.0,AfterSplit,GenAugSpoofOnly,7,0.2,1,2,LOO_SGS8,1
65,2,0,LOO_SGS8,7,2,0,1,0.0,0.125,0.0625,0.1111111111111111,1.1111111111111112,0.9375,AfterSplit,GenAugSpoofOnly,7,0.2,1,2,LOO_SGS8,0
66,2,2,LOO_SGS8,8,2,0,0,0.0,0.0,0.0,0.0,1.0,1.0,AfterSplit,GenAugSpoofOnly,7,0.05,2,2,LOO_SGS8,2
67,2,1,LOO_SGS8,8,2,0,0,0.0,0.0,0.0,0.0,1.0,1.0,AfterSplit,GenAugSpoofOnly,7,0.05,2,2,LOO_SGS8,1
68,2,0,LOO_SGS8,8,2,0,0,0.0,0.0,0.0,0.0,1.0,1.0,AfterSplit,GenAugSpoofOnly,7,0.05,2,2,LOO_SGS8,0
69,2,2,LOO_SGS8,8,2,0,0,0.0,0.0,0.0,0.0,1.0,1.0,AfterSplit,GenAugSpoofOnly,7,0.2,2,2,LOO_SGS8,2
70,2,1,LOO_SGS8,8,2,0,0,0.0,0.0,0.0,0.0,1.0,1.0,AfterSplit,GenAugSpoofOnly,7,0.2,2,2,LOO_SGS8,1
71,2,0,LOO_SGS8,8,2,0,0,0.0,0.0,0.0,0.0,1.0,1.0,AfterSplit,GenAugSpoofOnly,7,0.2,2,2,LOO_SGS8,0
72,2,2,LOO_SGS8,8,2,0,0,0.0,0.0,0.0,0.0,1.0,1.0,AfterSplit,GenAugSpoofOnly,7,0.05,1,2,LOO_SGS8,2
73,2,1,LOO_SGS8,8,2,0,0,0.0,0.0,0.0,0.0,1.0,1.0,AfterSplit,GenAugSpoofOnly,7,0.05,1,2,LOO_SGS8,1
74,2,0,LOO_SGS8,8,2,0,0,0.0,0.0,0.0,0.0,1.0,1.0,AfterSplit,GenAugSpoofOnly,7,0.05,1,2,LOO_SGS8,0
75,3,2,UnKnown_R,8,12,2,0,0.14285714285714285,0.0,0.07142857142857142,0.12500000000000006,0.875,0.9285714285714286,AfterSplit,GenAugSpoofOnly,7,0.2,2,3,UnKnown_R,2
76,3,1,UnKnown_R,8,12,2,0,0.14285714285714285,0.0,0.07142857142857142,0.12500000000000006,0.875,0.9285714285714286,AfterSplit,GenAugSpoofOnly,7,0.2,2,3,UnKnown_R,1
77,3,0,UnKnown_R,8,10,4,0,0.2857142857142857,0.0,0.14285714285714285,0.22222222222222224,0.7777777777777778,0.8571428571428572,AfterSplit,GenAugSpoofOnly,7,0.2,2,3,UnKnown_R,0
78,2,2,LOO_IPP2017,8,4,0,0,0.0,0.0,0.0,0.0,1.0,1.0,AfterSplit,GenAugSpoofOnly,7,0.2,1,2,LOO_IPP2017,2
79,2,1,LOO_IPP2017,8,4,0,0,0.0,0.0,0.0,0.0,1.0,1.0,AfterSplit,GenAugSpoofOnly,7,0.2,1,2,LOO_IPP2017,1
80,2,0,LOO_IPP2017,8,4,0,0,0.0,0.0,0.0,0.0,1.0,1.0,AfterSplit,GenAugSpoofOnly,7,0.2,1,2,LOO_IPP2017,0
81,2,2,LOO_ASUS,8,4,0,0,0.0,0.0,0.0,0.0,1.0,1.0,AfterSplit,GenAugSpoofOnly,7,0.1,1,2,LOO_ASUS,2
82,2,1,LOO_ASUS,8,4,0,0,0.0,0.0,0.0,0.0,1.0,1.0,AfterSplit,GenAugSpoofOnly,7,0.1,1,2,LOO_ASUS,1
83,2,0,LOO_ASUS,8,4,0,0,0.0,0.0,0.0,0.0,1.0,1.0,AfterSplit,GenAugSpoofOnly,7,0.1,1,2,LOO_ASUS,0
84,3,2,UnKnown_P,8,3,1,0,0.25,0.0,0.125,0.2,0.8,0.875,AfterSplit,GenAugSpoofOnly,7,0.1,1,3,UnKnown_P,2
85,3,1,UnKnown_P,8,4,0,0,0.0,0.0,0.0,0.0,1.0,1.0,AfterSplit,GenAugSpoofOnly,7,0.1,1,3,UnKnown_P,1
86,3,0,UnKnown_P,8,4,0,0,0.0,0.0,0.0,0.0,1.0,1.0,AfterSplit,GenAugSpoofOnly,7,0.1,1,3,UnKnown_P,0
87,3,2,UnKnown_P,8,4,0,0,0.0,0.0,0.0,0.0,1.0,1.0,AfterSplit,GenAugSpoofOnly,7,0.05,2,3,UnKnown_P,2
88,3,1,UnKnown_P,8,4,0,0,0.0,0.0,0.0,0.0,1.0,1.0,AfterSplit,GenAugSpoofOnly,7,0.05,2,3,UnKnown_P,1
89,3,0,UnKnown_P,8,4,0,0,0.0,0.0,0.0,0.0,1.0,1.0,AfterSplit,GenAugSpoofOnly,7,0.05,2,3,UnKnown_P,0
90,2,2,LOO_IP7P,8,4,0,0,0.0,0.0,0.0,0.0,1.0,1.0,AfterSplit,GenAugSpoofOnly,7,0.2,1,2,LOO_IP7P,2
91,2,1,LOO_IP7P,8,4,0,0,0.0,0.0,0.0,0.0,1.0,1.0,AfterSplit,GenAugSpoofOnly,7,0.2,1,2,LOO_IP7P,1
92,2,0,LOO_IP7P,8,4,0,0,0.0,0.0,0.0,0.0,1.0,1.0,AfterSplit,GenAugSpoofOnly,7,0.2,1,2,LOO_IP7P,0
93,2,2,LOO_ASUS,8,4,0,0,0.0,0.0,0.0,0.0,1.0,1.0,AfterSplit,GenAugSpoofOnly,7,0.3,2,2,LOO_ASUS,2
94,2,1,LOO_ASUS,8,4,0,0,0.0,0.0,0.0,0.0,1.0,1.0,AfterSplit,GenAugSpoofOnly,7,0.3,2,2,LOO_ASUS,1
95,2,0,LOO_ASUS,8,4,0,0,0.0,0.0,0.0,0.0,1.0,1.0,AfterSplit,GenAugSpoofOnly,7,0.3,2,2,LOO_ASUS,0
96,2,2,LOO_IP7P,8,4,0,0,0.0,0.0,0.0,0.0,1.0,1.0,AfterSplit,GenAugSpoofOnly,7,0.1,2,2,LOO_IP7P,2
97,2,1,LOO_IP7P,8,4,0,0,0.0,0.0,0.0,0.0,1.0,1.0,AfterSplit,GenAugSpoofOnly,7,0.1,2,2,LOO_IP7P,1
98,2,0,LOO_IP7P,8,4,0,0,0.0,0.0,0.0,0.0,1.0,1.0,AfterSplit,GenAugSpoofOnly,7,0.1,2,2,LOO_IP7P,0
99,2,2,LOO_IPP2017,8,3,1,0,0.25,0.0,0.125,0.2,0.8,0.875,AfterSplit,GenAugSpoofOnly,7,0.05,1,2,LOO_IPP2017,2
100,2,1,LOO_IPP2017,8,4,0,0,0.0,0.0,0.0,0.0,1.0,1.0,AfterSplit,GenAugSpoofOnly,7,0.05,1,2,LOO_IPP2017,1
101,2,0,LOO_IPP2017,8,4,0,0,0.0,0.0,0.0,0.0,1.0,1.0,AfterSplit,GenAugSpoofOnly,7,0.05,1,2,LOO_IPP2017,0
102,2,2,LOO_IPP2017,8,4,0,0,0.0,0.0,0.0,0.0,1.0,1.0,AfterSplit,GenAugSpoofOnly,7,0.3,1,2,LOO_IPP2017,2
103,2,1,LOO_IPP2017,8,4,0,0,0.0,0.0,0.0,0.0,1.0,1.0,AfterSplit,GenAugSpoofOnly,7,0.3,1,2,LOO_IPP2017,1
104,2,0,LOO_IPP2017,8,4,0,0,0.0,0.0,0.0,0.0,1.0,1.0,AfterSplit,GenAugSpoofOnly,7,0.3,1,2,LOO_IPP2017,0
105,3,2,UnKnown_P,8,3,1,0,0.25,0.0,0.125,0.2,0.8,0.875,AfterSplit,GenAugSpoofOnly,7,0.3,1,3,UnKnown_P,2
106,3,1,UnKnown_P,8,3,1,0,0.25,0.0,0.125,0.2,0.8,0.875,AfterSplit,GenAugSpoofOnly,7,0.3,1,3,UnKnown_P,1
107,3,0,UnKnown_P,8,4,0,0,0.0,0.0,0.0,0.0,1.0,1.0,AfterSplit,GenAugSpoofOnly,7,0.3,1,3,UnKnown_P,0
108,3,2,UnKnown_P,8,4,0,0,0.0,0.0,0.0,0.0,1.0,1.0,AfterSplit,GenAugSpoofOnly,7,0.2,2,3,UnKnown_P,2
109,3,1,UnKnown_P,8,3,1,0,0.25,0.0,0.125,0.2,0.8,0.875,AfterSplit,GenAugSpoofOnly,7,0.2,2,3,UnKnown_P,1
110,3,0,UnKnown_P,8,4,0,0,0.0,0.0,0.0,0.0,1.0,1.0,AfterSplit,GenAugSpoofOnly,7,0.2,2,3,UnKnown_P,0
111,3,2,UnKnown_R,8,12,2,0,0.14285714285714285,0.0,0.07142857142857142,0.12500000000000006,0.875,0.9285714285714286,AfterSplit,GenAugSpoofOnly,7,0.3,1,3,UnKnown_R,2
112,3,1,UnKnown_R,8,12,2,0,0.14285714285714285,0.0,0.07142857142857142,0.12500000000000006,0.875,0.9285714285714286,AfterSplit,GenAugSpoofOnly,7,0.3,1,3,UnKnown_R,1
113,3,0,UnKnown_R,8,12,2,0,0.14285714285714285,0.0,0.07142857142857142,0.12500000000000006,0.875,0.9285714285714286,AfterSplit,GenAugSpoofOnly,7,0.3,1,3,UnKnown_R,0
114,2,2,LOO_IP7P,8,4,0,0,0.0,0.0,0.0,0.0,1.0,1.0,AfterSplit,GenAugSpoofOnly,7,0.2,2,2,LOO_IP7P,2
115,2,1,LOO_IP7P,8,4,0,0,0.0,0.0,0.0,0.0,1.0,1.0,AfterSplit,GenAugSpoofOnly,7,0.2,2,2,LOO_IP7P,1
116,2,0,LOO_IP7P,8,4,0,0,0.0,0.0,0.0,0.0,1.0,1.0,AfterSplit,GenAugSpoofOnly,7,0.2,2,2,LOO_IP7P,0
117,2,2,LOO_IP7P,8,4,0,0,0.0,0.0,0.0,0.0,1.0,1.0,AfterSplit,GenAugSpoofOnly,7,0.05,1,2,LOO_IP7P,2
118,2,1,LOO_IP7P,8,4,0,0,0.0,0.0,0.0,0.0,1.0,1.0,AfterSplit,GenAugSpoofOnly,7,0.05,1,2,LOO_IP7P,1
119,2,0,LOO_IP7P,8,4,0,0,0.0,0.0,0.0,0.0,1.0,1.0,AfterSplit,GenAugSpoofOnly,7,0.05,1,2,LOO_IP7P,0
120,2,2,LOO_SGS8,8,2,0,0,0.0,0.0,0.0,0.0,1.0,1.0,AfterSplit,GenAugSpoofOnly,7,0.1,1,2,LOO_SGS8,2
121,2,1,LOO_SGS8,8,2,0,0,0.0,0.0,0.0,0.0,1.0,1.0,AfterSplit,GenAugSpoofOnly,7,0.1,1,2,LOO_SGS8,1
122,2,0,LOO_SGS8,7,2,0,1,0.0,0.125,0.0625,0.1111111111111111,1.1111111111111112,0.9375,AfterSplit,GenAugSpoofOnly,7,0.1,1,2,LOO_SGS8,0
123,3,2,UnKnown_R,8,14,0,0,0.0,0.0,0.0,0.0,1.0,1.0,AfterSplit,GenAugSpoofOnly,7,0.05,2,3,UnKnown_R,2
124,3,1,UnKnown_R,8,13,1,0,0.07142857142857142,0.0,0.03571428571428571,0.06666666666666664,0.9333333333333333,0.9642857142857143,AfterSplit,GenAugSpoofOnly,7,0.05,2,3,UnKnown_R,1
125,3,0,UnKnown_R,8,13,1,0,0.07142857142857142,0.0,0.03571428571428571,0.06666666666666664,0.9333333333333333,0.9642857142857143,AfterSplit,GenAugSpoofOnly,7,0.05,2,3,UnKnown_R,0
126,2,2,LOO_ASUS,8,4,0,0,0.0,0.0,0.0,0.0,1.0,1.0,AfterSplit,GenAugSpoofOnly,7,0.05,2,2,LOO_ASUS,2
127,2,1,LOO_ASUS,8,4,0,0,0.0,0.0,0.0,0.0,1.0,1.0,AfterSplit,GenAugSpoofOnly,7,0.05,2,2,LOO_ASUS,1
128,2,0,LOO_ASUS,8,4,0,0,0.0,0.0,0.0,0.0,1.0,1.0,AfterSplit,GenAugSpoofOnly,7,0.05,2,2,LOO_ASUS,0
129,3,2,UnKnown_P,8,4,0,0,0.0,0.0,0.0,0.0,1.0,1.0,AfterSplit,GenAugSpoofOnly,7,0.2,1,3,UnKnown_P,2
130,3,1,UnKnown_P,8,4,0,0,0.0,0.0,0.0,0.0,1.0,1.0,AfterSplit,GenAugSpoofOnly,7,0.2,1,3,UnKnown_P,1
131,3,0,UnKnown_P,8,3,1,0,0.25,0.0,0.125,0.2,0.8,0.875,AfterSplit,GenAugSpoofOnly,7,0.2,1,3,UnKnown_P,0
132,3,2,UnKnown_R,8,13,1,0,0.07142857142857142,0.0,0.03571428571428571,0.06666666666666664,0.9333333333333333,0.9642857142857143,AfterSplit,GenAugSpoofOnly,7,0.1,1,3,UnKnown_R,2
133,3,1,UnKnown_R,8,12,2,0,0.14285714285714285,0.0,0.07142857142857142,0.12500000000000006,0.875,0.9285714285714286,AfterSplit,GenAugSpoofOnly,7,0.1,1,3,UnKnown_R,1
134,3,0,UnKnown_R,8,11,3,0,0.21428571428571427,0.0,0.10714285714285714,0.1764705882352941,0.8235294117647058,0.8928571428571428,AfterSplit,GenAugSpoofOnly,7,0.1,1,3,UnKnown_R,0
135,2,2,LOO_IPP2017,8,4,0,0,0.0,0.0,0.0,0.0,1.0,1.0,AfterSplit,GenAugSpoofOnly,7,0.2,2,2,LOO_IPP2017,2
136,2,1,LOO_IPP2017,8,4,0,0,0.0,0.0,0.0,0.0,1.0,1.0,AfterSplit,GenAugSpoofOnly,7,0.2,2,2,LOO_IPP2017,1
137,2,0,LOO_IPP2017,8,4,0,0,0.0,0.0,0.0,0.0,1.0,1.0,AfterSplit,GenAugSpoofOnly,7,0.2,2,2,LOO_IPP2017,0
138,2,2,LOO_IP7P,8,4,0,0,0.0,0.0,0.0,0.0,1.0,1.0,AfterSplit,GenAugSpoofOnly,7,0.1,1,2,LOO_IP7P,2
139,2,1,LOO_IP7P,8,4,0,0,0.0,0.0,0.0,0.0,1.0,1.0,AfterSplit,GenAugSpoofOnly,7,0.1,1,2,LOO_IP7P,1
140,2,0,LOO_IP7P,8,4,0,0,0.0,0.0,0.0,0.0,1.0,1.0,AfterSplit,GenAugSpoofOnly,7,0.1,1,2,LOO_IP7P,0
141,2,2,LOO_IP7P,8,4,0,0,0.0,0.0,0.0,0.0,1.0,1.0,AfterSplit,GenAugSpoofOnly,7,0.05,2,2,LOO_IP7P,2
142,2,1,LOO_IP7P,8,4,0,0,0.0,0.0,0.0,0.0,1.0,1.0,AfterSplit,GenAugSpoofOnly,7,0.05,2,2,LOO_IP7P,1
143,2,0,LOO_IP7P,8,4,0,0,0.0,0.0,0.0,0.0,1.0,1.0,AfterSplit,GenAugSpoofOnly,7,0.05,2,2,LOO_IP7P,0
144,2,2,LOO_SGS8,8,2,0,0,0.0,0.0,0.0,0.0,1.0,1.0,AfterSplit,GenAugSpoofOnly,7,0.3,2,2,LOO_SGS8,2
145,2,1,LOO_SGS8,8,2,0,0,0.0,0.0,0.0,0.0,1.0,1.0,AfterSplit,GenAugSpoofOnly,7,0.3,2,2,LOO_SGS8,1
146,2,0,LOO_SGS8,8,2,0,0,0.0,0.0,0.0,0.0,1.0,1.0,AfterSplit,GenAugSpoofOnly,7,0.3,2,2,LOO_SGS8,0
147,3,2,UnKnown_R,8,12,2,0,0.14285714285714285,0.0,0.07142857142857142,0.12500000000000006,0.875,0.9285714285714286,AfterSplit,GenAugSpoofOnly,7,0.3,2,3,UnKnown_R,2
148,3,1,UnKnown_R,8,12,2,0,0.14285714285714285,0.0,0.07142857142857142,0.12500000000000006,0.875,0.9285714285714286,AfterSplit,GenAugSpoofOnly,7,0.3,2,3,UnKnown_R,1
149,3,0,UnKnown_R,8,12,2,0,0.14285714285714285,0.0,0.07142857142857142,0.12500000000000006,0.875,0.9285714285714286,AfterSplit,GenAugSpoofOnly,7,0.3,2,3,UnKnown_R,0
150,2,2,LOO_ASUS,8,4,0,0,0.0,0.0,0.0,0.0,1.0,1.0,AfterSplit,GenAugSpoofOnly,7,0.1,2,2,LOO_ASUS,2
151,2,1,LOO_ASUS,8,4,0,0,0.0,0.0,0.0,0.0,1.0,1.0,AfterSplit,GenAugSpoofOnly,7,0.1,2,2,LOO_ASUS,1
152,2,0,LOO_ASUS,8,4,0,0,0.0,0.0,0.0,0.0,1.0,1.0,AfterSplit,GenAugSpoofOnly,7,0.1,2,2,LOO_ASUS,0
153,3,2,UnKnown_R,8,13,1,0,0.07142857142857142,0.0,0.03571428571428571,0.06666666666666664,0.9333333333333333,0.9642857142857143,AfterSplit,GenAugSpoofOnly,7,0.05,1,3,UnKnown_R,2
154,3,1,UnKnown_R,8,12,2,0,0.14285714285714285,0.0,0.07142857142857142,0.12500000000000006,0.875,0.9285714285714286,AfterSplit,GenAugSpoofOnly,7,0.05,1,3,UnKnown_R,1
155,3,0,UnKnown_R,8,12,2,0,0.14285714285714285,0.0,0.07142857142857142,0.12500000000000006,0.875,0.9285714285714286,AfterSplit,GenAugSpoofOnly,7,0.05,1,3,UnKnown_R,0
156,2,2,LOO_ASUS,8,4,0,0,0.0,0.0,0.0,0.0,1.0,1.0,AfterSplit,GenAugSpoofOnly,7,0.3,1,2,LOO_ASUS,2
157,2,1,LOO_ASUS,8,4,0,0,0.0,0.0,0.0,0.0,1.0,1.0,AfterSplit,GenAugSpoofOnly,7,0.3,1,2,LOO_ASUS,1
158,2,0,LOO_ASUS,8,4,0,0,0.0,0.0,0.0,0.0,1.0,1.0,AfterSplit,GenAugSpoofOnly,7,0.3,1,2,LOO_ASUS,0
159,2,2,LOO_SGS8,8,2,0,0,0.0,0.0,0.0,0.0,1.0,1.0,AfterSplit,GenAugSpoofOnly,7,0.1,2,2,LOO_SGS8,2
160,2,1,LOO_SGS8,8,2,0,0,0.0,0.0,0.0,0.0,1.0,1.0,AfterSplit,GenAugSpoofOnly,7,0.1,2,2,LOO_SGS8,1
161,2,0,LOO_SGS8,8,2,0,0,0.0,0.0,0.0,0.0,1.0,1.0,AfterSplit,GenAugSpoofOnly,7,0.1,2,2,LOO_SGS8,0
162,2,2,LOO_IPP2017,8,4,0,0,0.0,0.0,0.0,0.0,1.0,1.0,AfterSplit,GenAugSpoofOnly,7,0.05,2,2,LOO_IPP2017,2
163,2,1,LOO_IPP2017,8,4,0,0,0.0,0.0,0.0,0.0,1.0,1.0,AfterSplit,GenAugSpoofOnly,7,0.05,2,2,LOO_IPP2017,1
164,2,0,LOO_IPP2017,8,3,1,0,0.25,0.0,0.125,0.2,0.8,0.875,AfterSplit,GenAugSpoofOnly,7,0.05,2,2,LOO_IPP2017,0
165,2,2,LOO_IPP2017,8,4,0,0,0.0,0.0,0.0,0.0,1.0,1.0,AfterSplit,GenAugSpoofOnly,7,0.3,2,2,LOO_IPP2017,2
166,2,1,LOO_IPP2017,8,4,0,0,0.0,0.0,0.0,0.0,1.0,1.0,AfterSplit,GenAugSpoofOnly,7,0.3,2,2,LOO_IPP2017,1
167,2,0,LOO_IPP2017,8,4,0,0,0.0,0.0,0.0,0.0,1.0,1.0,AfterSplit,GenAugSpoofOnly,7,0.3,2,2,LOO_IPP2017,0
168,2,2,LOO_IP7P,8,4,0,0,0.0,0.0,0.0,0.0,1.0,1.0,AfterSplit,GenAugSpoofOnly,7,0.3,2,2,LOO_IP7P,2
169,2,1,LOO_IP7P,8,4,0,0,0.0,0.0,0.0,0.0,1.0,1.0,AfterSplit,GenAugSpoofOnly,7,0.3,2,2,LOO_IP7P,1
170,2,0,LOO_IP7P,8,4,0,0,0.0,0.0,0.0,0.0,1.0,1.0,AfterSplit,GenAugSpoofOnly,7,0.3,2,2,LOO_IP7P,0
171,2,2,LOO_ASUS,8,4,0,0,0.0,0.0,0.0,0.0,1.0,1.0,AfterSplit,GenAugSpoofOnly,7,0.2,1,2,LOO_ASUS,2
172,2,1,LOO_ASUS,8,4,0,0,0.0,0.0,0.0,0.0,1.0,1.0,AfterSplit,GenAugSpoofOnly,7,0.2,1,2,LOO_ASUS,1
173,2,0,LOO_ASUS,8,4,0,0,0.0,0.0,0.0,0.0,1.0,1.0,AfterSplit,GenAugSpoofOnly,7,0.2,1,2,LOO_ASUS,0
174,3,2,UnKnown_P,8,3,1,0,0.25,0.0,0.125,0.2,0.8,0.875,AfterSplit,GenAugSpoofOnly,7,0.3,2,3,UnKnown_P,2
175,3,1,UnKnown_P,8,3,1,0,0.25,0.0,0.125,0.2,0.8,0.875,AfterSplit,GenAugSpoofOnly,7,0.3,2,3,UnKnown_P,1
176,3,0,UnKnown_P,8,3,1,0,0.25,0.0,0.125,0.2,0.8,0.875,AfterSplit,GenAugSpoofOnly,7,0.3,2,3,UnKnown_P,0
177,3,2,UnKnown_R,8,11,3,0,0.21428571428571427,0.0,0.10714285714285714,0.1764705882352941,0.8235294117647058,0.8928571428571428,AfterSplit,GenAugSpoofOnly,7,0.1,2,3,UnKnown_R,2
178,3,1,UnKnown_R,8,12,2,0,0.14285714285714285,0.0,0.07142857142857142,0.12500000000000006,0.875,0.9285714285714286,AfterSplit,GenAugSpoofOnly,7,0.1,2,3,UnKnown_R,1
179,3,0,UnKnown_R,8,14,0,0,0.0,0.0,0.0,0.0,1.0,1.0,AfterSplit,GenAugSpoofOnly,7,0.1,2,3,UnKnown_R,0
180,2,2,LOO_ASUS,8,4,0,0,0.0,0.0,0.0,0.0,1.0,1.0,BeforeSplit,GenAugSpoofOnly,7,0.05,1,2,LOO_ASUS,2
181,2,1,LOO_ASUS,8,4,0,0,0.0,0.0,0.0,0.0,1.0,1.0,BeforeSplit,GenAugSpoofOnly,7,0.05,1,2,LOO_ASUS,1
182,2,0,LOO_ASUS,8,4,0,0,0.0,0.0,0.0,0.0,1.0,1.0,BeforeSplit,GenAugSpoofOnly,7,0.05,1,2,LOO_ASUS,0
183,3,2,UnKnown_P,8,4,0,0,0.0,0.0,0.0,0.0,1.0,1.0,BeforeSplit,GenAugSpoofOnly,7,0.05,1,3,UnKnown_P,2
184,3,1,UnKnown_P,8,4,0,0,0.0,0.0,0.0,0.0,1.0,1.0,BeforeSplit,GenAugSpoofOnly,7,0.05,1,3,UnKnown_P,1
185,3,0,UnKnown_P,8,4,0,0,0.0,0.0,0.0,0.0,1.0,1.0,BeforeSplit,GenAugSpoofOnly,7,0.05,1,3,UnKnown_P,0
186,3,2,UnKnown_P,8,4,0,0,0.0,0.0,0.0,0.0,1.0,1.0,BeforeSplit,GenAugSpoofOnly,7,0.1,2,3,UnKnown_P,2
187,3,1,UnKnown_P,8,3,1,0,0.25,0.0,0.125,0.2,0.8,0.875,BeforeSplit,GenAugSpoofOnly,7,0.1,2,3,UnKnown_P,1
188,3,0,UnKnown_P,8,4,0,0,0.0,0.0,0.0,0.0,1.0,1.0,BeforeSplit,GenAugSpoofOnly,7,0.1,2,3,UnKnown_P,0
189,2,2,LOO_ASUS,8,4,0,0,0.0,0.0,0.0,0.0,1.0,1.0,BeforeSplit,GenAugSpoofOnly,7,0.2,2,2,LOO_ASUS,2
190,2,1,LOO_ASUS,8,4,0,0,0.0,0.0,0.0,0.0,1.0,1.0,BeforeSplit,GenAugSpoofOnly,7,0.2,2,2,LOO_ASUS,1
191,2,0,LOO_ASUS,8,4,0,0,0.0,0.0,0.0,0.0,1.0,1.0,BeforeSplit,GenAugSpoofOnly,7,0.2,2,2,LOO_ASUS,0
192,2,2,LOO_IPP2017,8,4,0,0,0.0,0.0,0.0,0.0,1.0,1.0,BeforeSplit,GenAugSpoofOnly,7,0.1,1,2,LOO_IPP2017,2
193,2,1,LOO_IPP2017,8,4,0,0,0.0,0.0,0.0,0.0,1.0,1.0,BeforeSplit,GenAugSpoofOnly,7,0.1,1,2,LOO_IPP2017,1
194,2,0,LOO_IPP2017,8,4,0,0,0.0,0.0,0.0,0.0,1.0,1.0,BeforeSplit,GenAugSpoofOnly,7,0.1,1,2,LOO_IPP2017,0
195,2,2,LOO_IP7P,8,4,0,0,0.0,0.0,0.0,0.0,1.0,1.0,BeforeSplit,GenAugSpoofOnly,7,0.3,1,2,LOO_IP7P,2
196,2,1,LOO_IP7P,8,4,0,0,0.0,0.0,0.0,0.0,1.0,1.0,BeforeSplit,GenAugSpoofOnly,7,0.3,1,2,LOO_IP7P,1
197,2,0,LOO_IP7P,8,4,0,0,0.0,0.0,0.0,0.0,1.0,1.0,BeforeSplit,GenAugSpoofOnly,7,0.3,1,2,LOO_IP7P,0
198,2,2,LOO_IPP2017,8,4,0,0,0.0,0.0,0.0,0.0,1.0,1.0,BeforeSplit,GenAugSpoofOnly,7,0.1,2,2,LOO_IPP2017,2
199,2,1,LOO_IPP2017,8,4,0,0,0.0,0.0,0.0,0.0,1.0,1.0,BeforeSplit,GenAugSpoofOnly,7,0.1,2,2,LOO_IPP2017,1
200,2,0,LOO_IPP2017,8,4,0,0,0.0,0.0,0.0,0.0,1.0,1.0,BeforeSplit,GenAugSpoofOnly,7,0.1,2,2,LOO_IPP2017,0
201,3,2,UnKnown_R,8,13,1,0,0.07142857142857142,0.0,0.03571428571428571,0.06666666666666664,0.9333333333333333,0.9642857142857143,BeforeSplit,GenAugSpoofOnly,7,0.2,1,3,UnKnown_R,2
202,3,1,UnKnown_R,8,11,3,0,0.21428571428571427,0.0,0.10714285714285714,0.1764705882352941,0.8235294117647058,0.8928571428571428,BeforeSplit,GenAugSpoofOnly,7,0.2,1,3,UnKnown_R,1
203,3,0,UnKnown_R,8,12,2,0,0.14285714285714285,0.0,0.07142857142857142,0.12500000000000006,0.875,0.9285714285714286,BeforeSplit,GenAugSpoofOnly,7,0.2,1,3,UnKnown_R,0
204,2,2,LOO_SGS8,8,2,0,0,0.0,0.0,0.0,0.0,1.0,1.0,BeforeSplit,GenAugSpoofOnly,7,0.3,1,2,LOO_SGS8,2
205,2,1,LOO_SGS8,8,2,0,0,0.0,0.0,0.0,0.0,1.0,1.0,BeforeSplit,GenAugSpoofOnly,7,0.3,1,2,LOO_SGS8,1
206,2,0,LOO_SGS8,8,2,0,0,0.0,0.0,0.0,0.0,1.0,1.0,BeforeSplit,GenAugSpoofOnly,7,0.3,1,2,LOO_SGS8,0
207,2,2,LOO_SGS8,8,2,0,0,0.0,0.0,0.0,0.0,1.0,1.0,BeforeSplit,GenAugSpoofOnly,7,0.2,1,2,LOO_SGS8,2
208,2,1,LOO_SGS8,8,2,0,0,0.0,0.0,0.0,0.0,1.0,1.0,BeforeSplit,GenAugSpoofOnly,7,0.2,1,2,LOO_SGS8,1
209,2,0,LOO_SGS8,8,2,0,0,0.0,0.0,0.0,0.0,1.0,1.0,BeforeSplit,GenAugSpoofOnly,7,0.2,1,2,LOO_SGS8,0
210,2,2,LOO_SGS8,8,2,0,0,0.0,0.0,0.0,0.0,1.0,1.0,BeforeSplit,GenAugSpoofOnly,7,0.05,2,2,LOO_SGS8,2
211,2,1,LOO_SGS8,8,2,0,0,0.0,0.0,0.0,0.0,1.0,1.0,BeforeSplit,GenAugSpoofOnly,7,0.05,2,2,LOO_SGS8,1
212,2,0,LOO_SGS8,8,2,0,0,0.0,0.0,0.0,0.0,1.0,1.0,BeforeSplit,GenAugSpoofOnly,7,0.05,2,2,LOO_SGS8,0
213,2,2,LOO_SGS8,8,2,0,0,0.0,0.0,0.0,0.0,1.0,1.0,BeforeSplit,GenAugSpoofOnly,7,0.2,2,2,LOO_SGS8,2
214,2,1,LOO_SGS8,8,2,0,0,0.0,0.0,0.0,0.0,1.0,1.0,BeforeSplit,GenAugSpoofOnly,7,0.2,2,2,LOO_SGS8,1
215,2,0,LOO_SGS8,8,2,0,0,0.0,0.0,0.0,0.0,1.0,1.0,BeforeSplit,GenAugSpoofOnly,7,0.2,2,2,LOO_SGS8,0
216,2,2,LOO_SGS8,8,2,0,0,0.0,0.0,0.0,0.0,1.0,1.0,BeforeSplit,GenAugSpoofOnly,7,0.05,1,2,LOO_SGS8,2
217,2,1,LOO_SGS8,8,2,0,0,0.0,0.0,0.0,0.0,1.0,1.0,BeforeSplit,GenAugSpoofOnly,7,0.05,1,2,LOO_SGS8,1
218,2,0,LOO_SGS8,8,2,0,0,0.0,0.0,0.0,0.0,1.0,1.0,BeforeSplit,GenAugSpoofOnly,7,0.05,1,2,LOO_SGS8,0
219,3,2,UnKnown_R,8,12,2,0,0.14285714285714285,0.0,0.07142857142857142,0.12500000000000006,0.875,0.9285714285714286,BeforeSplit,GenAugSpoofOnly,7,0.2,2,3,UnKnown_R,2
220,3,1,UnKnown_R,8,12,2,0,0.14285714285714285,0.0,0.07142857142857142,0.12500000000000006,0.875,0.9285714285714286,BeforeSplit,GenAugSpoofOnly,7,0.2,2,3,UnKnown_R,1
221,3,0,UnKnown_R,8,12,2,0,0.14285714285714285,0.0,0.07142857142857142,0.12500000000000006,0.875,0.9285714285714286,BeforeSplit,GenAugSpoofOnly,7,0.2,2,3,UnKnown_R,0
222,2,2,LOO_IPP2017,8,4,0,0,0.0,0.0,0.0,0.0,1.0,1.0,BeforeSplit,GenAugSpoofOnly,7,0.2,1,2,LOO_IPP2017,2
223,2,1,LOO_IPP2017,8,4,0,0,0.0,0.0,0.0,0.0,1.0,1.0,BeforeSplit,GenAugSpoofOnly,7,0.2,1,2,LOO_IPP2017,1
224,2,0,LOO_IPP2017,8,4,0,0,0.0,0.0,0.0,0.0,1.0,1.0,BeforeSplit,GenAugSpoofOnly,7,0.2,1,2,LOO_IPP2017,0
225,2,2,LOO_ASUS,8,4,0,0,0.0,0.0,0.0,0.0,1.0,1.0,BeforeSplit,GenAugSpoofOnly,7,0.1,1,2,LOO_ASUS,2
226,2,1,LOO_ASUS,8,4,0,0,0.0,0.0,0.0,0.0,1.0,1.0,BeforeSplit,GenAugSpoofOnly,7,0.1,1,2,LOO_ASUS,1
227,2,0,LOO_ASUS,8,4,0,0,0.0,0.0,0.0,0.0,1.0,1.0,BeforeSplit,GenAugSpoofOnly,7,0.1,1,2,LOO_ASUS,0
228,3,2,UnKnown_P,8,4,0,0,0.0,0.0,0.0,0.0,1.0,1.0,BeforeSplit,GenAugSpoofOnly,7,0.1,1,3,UnKnown_P,2
229,3,1,UnKnown_P,8,4,0,0,0.0,0.0,0.0,0.0,1.0,1.0,BeforeSplit,GenAugSpoofOnly,7,0.1,1,3,UnKnown_P,1
230,3,0,UnKnown_P,8,4,0,0,0.0,0.0,0.0,0.0,1.0,1.0,BeforeSplit,GenAugSpoofOnly,7,0.1,1,3,UnKnown_P,0
231,3,2,UnKnown_P,8,4,0,0,0.0,0.0,0.0,0.0,1.0,1.0,BeforeSplit,GenAugSpoofOnly,7,0.05,2,3,UnKnown_P,2
232,3,1,UnKnown_P,8,4,0,0,0.0,0.0,0.0,0.0,1.0,1.0,BeforeSplit,GenAugSpoofOnly,7,0.05,2,3,UnKnown_P,1
233,3,0,UnKnown_P,8,4,0,0,0.0,0.0,0.0,0.0,1.0,1.0,BeforeSplit,GenAugSpoofOnly,7,0.05,2,3,UnKnown_P,0
234,2,2,LOO_IP7P,8,4,0,0,0.0,0.0,0.0,0.0,1.0,1.0,BeforeSplit,GenAugSpoofOnly,7,0.2,1,2,LOO_IP7P,2
235,2,1,LOO_IP7P,8,4,0,0,0.0,0.0,0.0,0.0,1.0,1.0,BeforeSplit,GenAugSpoofOnly,7,0.2,1,2,LOO_IP7P,1
236,2,0,LOO_IP7P,8,4,0,0,0.0,0.0,0.0,0.0,1.0,1.0,BeforeSplit,GenAugSpoofOnly,7,0.2,1,2,LOO_IP7P,0
237,2,2,LOO_ASUS,8,4,0,0,0.0,0.0,0.0,0.0,1.0,1.0,BeforeSplit,GenAugSpoofOnly,7,0.3,2,2,LOO_ASUS,2
238,2,1,LOO_ASUS,8,4,0,0,0.0,0.0,0.0,0.0,1.0,1.0,BeforeSplit,GenAugSpoofOnly,7,0.3,2,2,LOO_ASUS,1
239,2,0,LOO_ASUS,8,4,0,0,0.0,0.0,0.0,0.0,1.0,1.0,BeforeSplit,GenAugSpoofOnly,7,0.3,2,2,LOO_ASUS,0
240,2,2,LOO_IP7P,8,4,0,0,0.0,0.0,0.0,0.0,1.0,1.0,BeforeSplit,GenAugSpoofOnly,7,0.1,2,2,LOO_IP7P,2
241,2,1,LOO_IP7P,8,4,0,0,0.0,0.0,0.0,0.0,1.0,1.0,BeforeSplit,GenAugSpoofOnly,7,0.1,2,2,LOO_IP7P,1
242,2,0,LOO_IP7P,8,4,0,0,0.0,0.0,0.0,0.0,1.0,1.0,BeforeSplit,GenAugSpoofOnly,7,0.1,2,2,LOO_IP7P,0
243,2,2,LOO_IPP2017,8,4,0,0,0.0,0.0,0.0,0.0,1.0,1.0,BeforeSplit,GenAugSpoofOnly,7,0.05,1,2,LOO_IPP2017,2
244,2,1,LOO_IPP2017,8,4,0,0,0.0,0.0,0.0,0.0,1.0,1.0,BeforeSplit,GenAugSpoofOnly,7,0.05,1,2,LOO_IPP2017,1
245,2,0,LOO_IPP2017,8,4,0,0,0.0,0.0,0.0,0.0,1.0,1.0,BeforeSplit,GenAugSpoofOnly,7,0.05,1,2,LOO_IPP2017,0
246,2,2,LOO_IPP2017,8,4,0,0,0.0,0.0,0.0,0.0,1.0,1.0,BeforeSplit,GenAugSpoofOnly,7,0.3,1,2,LOO_IPP2017,2
247,2,1,LOO_IPP2017,8,4,0,0,0.0,0.0,0.0,0.0,1.0,1.0,BeforeSplit,GenAugSpoofOnly,7,0.3,1,2,LOO_IPP2017,1
248,2,0,LOO_IPP2017,8,4,0,0,0.0,0.0,0.0,0.0,1.0,1.0,BeforeSplit,GenAugSpoofOnly,7,0.3,1,2,LOO_IPP2017,0
249,3,2,UnKnown_P,8,4,0,0,0.0,0.0,0.0,0.0,1.0,1.0,BeforeSplit,GenAugSpoofOnly,7,0.3,1,3,UnKnown_P,2
250,3,1,UnKnown_P,8,4,0,0,0.0,0.0,0.0,0.0,1.0,1.0,BeforeSplit,GenAugSpoofOnly,7,0.3,1,3,UnKnown_P,1
251,3,0,UnKnown_P,8,4,0,0,0.0,0.0,0.0,0.0,1.0,1.0,BeforeSplit,GenAugSpoofOnly,7,0.3,1,3,UnKnown_P,0
252,3,2,UnKnown_P,8,4,0,0,0.0,0.0,0.0,0.0,1.0,1.0,BeforeSplit,GenAugSpoofOnly,7,0.2,2,3,UnKnown_P,2
253,3,1,UnKnown_P,8,4,0,0,0.0,0.0,0.0,0.0,1.0,1.0,BeforeSplit,GenAugSpoofOnly,7,0.2,2,3,UnKnown_P,1
254,3,0,UnKnown_P,8,4,0,0,0.0,0.0,0.0,0.0,1.0,1.0,BeforeSplit,GenAugSpoofOnly,7,0.2,2,3,UnKnown_P,0
255,3,2,UnKnown_R,8,12,2,0,0.14285714285714285,0.0,0.07142857142857142,0.12500000000000006,0.875,0.9285714285714286,BeforeSplit,GenAugSpoofOnly,7,0.3,1,3,UnKnown_R,2
256,3,1,UnKnown_R,8,11,3,0,0.21428571428571427,0.0,0.10714285714285714,0.1764705882352941,0.8235294117647058,0.8928571428571428,BeforeSplit,GenAugSpoofOnly,7,0.3,1,3,UnKnown_R,1
257,3,0,UnKnown_R,8,11,3,0,0.21428571428571427,0.0,0.10714285714285714,0.1764705882352941,0.8235294117647058,0.8928571428571428,BeforeSplit,GenAugSpoofOnly,7,0.3,1,3,UnKnown_R,0
258,2,2,LOO_IP7P,8,4,0,0,0.0,0.0,0.0,0.0,1.0,1.0,BeforeSplit,GenAugSpoofOnly,7,0.2,2,2,LOO_IP7P,2
259,2,1,LOO_IP7P,8,4,0,0,0.0,0.0,0.0,0.0,1.0,1.0,BeforeSplit,GenAugSpoofOnly,7,0.2,2,2,LOO_IP7P,1
260,2,0,LOO_IP7P,8,4,0,0,0.0,0.0,0.0,0.0,1.0,1.0,BeforeSplit,GenAugSpoofOnly,7,0.2,2,2,LOO_IP7P,0
261,2,2,LOO_IP7P,8,4,0,0,0.0,0.0,0.0,0.0,1.0,1.0,BeforeSplit,GenAugSpoofOnly,7,0.05,1,2,LOO_IP7P,2
262,2,1,LOO_IP7P,8,4,0,0,0.0,0.0,0.0,0.0,1.0,1.0,BeforeSplit,GenAugSpoofOnly,7,0.05,1,2,LOO_IP7P,1
263,2,0,LOO_IP7P,8,4,0,0,0.0,0.0,0.0,0.0,1.0,1.0,BeforeSplit,GenAugSpoofOnly,7,0.05,1,2,LOO_IP7P,0
264,2,2,LOO_SGS8,8,2,0,0,0.0,0.0,0.0,0.0,1.0,1.0,BeforeSplit,GenAugSpoofOnly,7,0.1,1,2,LOO_SGS8,2
265,2,1,LOO_SGS8,8,2,0,0,0.0,0.0,0.0,0.0,1.0,1.0,BeforeSplit,GenAugSpoofOnly,7,0.1,1,2,LOO_SGS8,1
266,2,0,LOO_SGS8,8,2,0,0,0.0,0.0,0.0,0.0,1.0,1.0,BeforeSplit,GenAugSpoofOnly,7,0.1,1,2,LOO_SGS8,0
267,3,2,UnKnown_R,8,14,0,0,0.0,0.0,0.0,0.0,1.0,1.0,BeforeSplit,GenAugSpoofOnly,7,0.05,2,3,UnKnown_R,2
268,3,1,UnKnown_R,8,14,0,0,0.0,0.0,0.0,0.0,1.0,1.0,BeforeSplit,GenAugSpoofOnly,7,0.05,2,3,UnKnown_R,1
269,3,0,UnKnown_R,8,12,2,0,0.14285714285714285,0.0,0.07142857142857142,0.12500000000000006,0.875,0.9285714285714286,BeforeSplit,GenAugSpoofOnly,7,0.05,2,3,UnKnown_R,0
270,2,2,LOO_ASUS,8,4,0,0,0.0,0.0,0.0,0.0,1.0,1.0,BeforeSplit,GenAugSpoofOnly,7,0.05,2,2,LOO_ASUS,2
271,2,1,LOO_ASUS,8,4,0,0,0.0,0.0,0.0,0.0,1.0,1.0,BeforeSplit,GenAugSpoofOnly,7,0.05,2,2,LOO_ASUS,1
272,2,0,LOO_ASUS,8,4,0,0,0.0,0.0,0.0,0.0,1.0,1.0,BeforeSplit,GenAugSpoofOnly,7,0.05,2,2,LOO_ASUS,0
273,3,2,UnKnown_P,8,4,0,0,0.0,0.0,0.0,0.0,1.0,1.0,BeforeSplit,GenAugSpoofOnly,7,0.2,1,3,UnKnown_P,2
274,3,1,UnKnown_P,8,4,0,0,0.0,0.0,0.0,0.0,1.0,1.0,BeforeSplit,GenAugSpoofOnly,7,0.2,1,3,UnKnown_P,1
275,3,0,UnKnown_P,8,4,0,0,0.0,0.0,0.0,0.0,1.0,1.0,BeforeSplit,GenAugSpoofOnly,7,0.2,1,3,UnKnown_P,0
276,3,2,UnKnown_R,8,12,2,0,0.14285714285714285,0.0,0.07142857142857142,0.12500000000000006,0.875,0.9285714285714286,BeforeSplit,GenAugSpoofOnly,7,0.1,1,3,UnKnown_R,2
277,3,1,UnKnown_R,8,12,2,0,0.14285714285714285,0.0,0.07142857142857142,0.12500000000000006,0.875,0.9285714285714286,BeforeSplit,GenAugSpoofOnly,7,0.1,1,3,UnKnown_R,1
278,3,0,UnKnown_R,8,11,3,0,0.21428571428571427,0.0,0.10714285714285714,0.1764705882352941,0.8235294117647058,0.8928571428571428,BeforeSplit,GenAugSpoofOnly,7,0.1,1,3,UnKnown_R,0
279,2,2,LOO_IPP2017,8,4,0,0,0.0,0.0,0.0,0.0,1.0,1.0,BeforeSplit,GenAugSpoofOnly,7,0.2,2,2,LOO_IPP2017,2
280,2,1,LOO_IPP2017,8,4,0,0,0.0,0.0,0.0,0.0,1.0,1.0,BeforeSplit,GenAugSpoofOnly,7,0.2,2,2,LOO_IPP2017,1
281,2,0,LOO_IPP2017,8,3,1,0,0.25,0.0,0.125,0.2,0.8,0.875,BeforeSplit,GenAugSpoofOnly,7,0.2,2,2,LOO_IPP2017,0
282,2,2,LOO_IP7P,8,4,0,0,0.0,0.0,0.0,0.0,1.0,1.0,BeforeSplit,GenAugSpoofOnly,7,0.1,1,2,LOO_IP7P,2
283,2,1,LOO_IP7P,8,4,0,0,0.0,0.0,0.0,0.0,1.0,1.0,BeforeSplit,GenAugSpoofOnly,7,0.1,1,2,LOO_IP7P,1
284,2,0,LOO_IP7P,8,4,0,0,0.0,0.0,0.0,0.0,1.0,1.0,BeforeSplit,GenAugSpoofOnly,7,0.1,1,2,LOO_IP7P,0
285,2,2,LOO_IP7P,8,4,0,0,0.0,0.0,0.0,0.0,1.0,1.0,BeforeSplit,GenAugSpoofOnly,7,0.05,2,2,LOO_IP7P,2
286,2,1,LOO_IP7P,8,4,0,0,0.0,0.0,0.0,0.0,1.0,1.0,BeforeSplit,GenAugSpoofOnly,7,0.05,2,2,LOO_IP7P,1
287,2,0,LOO_IP7P,8,4,0,0,0.0,0.0,0.0,0.0,1.0,1.0,BeforeSplit,GenAugSpoofOnly,7,0.05,2,2,LOO_IP7P,0
288,2,2,LOO_SGS8,8,2,0,0,0.0,0.0,0.0,0.0,1.0,1.0,BeforeSplit,GenAugSpoofOnly,7,0.3,2,2,LOO_SGS8,2
289,2,1,LOO_SGS8,8,2,0,0,0.0,0.0,0.0,0.0,1.0,1.0,BeforeSplit,GenAugSpoofOnly,7,0.3,2,2,LOO_SGS8,1
290,2,0,LOO_SGS8,8,2,0,0,0.0,0.0,0.0,0.0,1.0,1.0,BeforeSplit,GenAugSpoofOnly,7,0.3,2,2,LOO_SGS8,0
291,3,2,UnKnown_R,8,12,2,0,0.14285714285714285,0.0,0.07142857142857142,0.12500000000000006,0.875,0.9285714285714286,BeforeSplit,GenAugSpoofOnly,7,0.3,2,3,UnKnown_R,2
292,3,1,UnKnown_R,8,12,2,0,0.14285714285714285,0.0,0.07142857142857142,0.12500000000000006,0.875,0.9285714285714286,BeforeSplit,GenAugSpoofOnly,7,0.3,2,3,UnKnown_R,1
293,3,0,UnKnown_R,8,11,3,0,0.21428571428571427,0.0,0.10714285714285714,0.1764705882352941,0.8235294117647058,0.8928571428571428,BeforeSplit,GenAugSpoofOnly,7,0.3,2,3,UnKnown_R,0
294,2,2,LOO_ASUS,8,4,0,0,0.0,0.0,0.0,0.0,1.0,1.0,BeforeSplit,GenAugSpoofOnly,7,0.1,2,2,LOO_ASUS,2
295,2,1,LOO_ASUS,8,4,0,0,0.0,0.0,0.0,0.0,1.0,1.0,BeforeSplit,GenAugSpoofOnly,7,0.1,2,2,LOO_ASUS,1
296,2,0,LOO_ASUS,8,4,0,0,0.0,0.0,0.0,0.0,1.0,1.0,BeforeSplit,GenAugSpoofOnly,7,0.1,2,2,LOO_ASUS,0
297,3,2,UnKnown_R,8,13,1,0,0.07142857142857142,0.0,0.03571428571428571,0.06666666666666664,0.9333333333333333,0.9642857142857143,BeforeSplit,GenAugSpoofOnly,7,0.05,1,3,UnKnown_R,2
298,3,1,UnKnown_R,8,10,4,0,0.2857142857142857,0.0,0.14285714285714285,0.22222222222222224,0.7777777777777778,0.8571428571428572,BeforeSplit,GenAugSpoofOnly,7,0.05,1,3,UnKnown_R,1
299,3,0,UnKnown_R,8,13,1,0,0.07142857142857142,0.0,0.03571428571428571,0.06666666666666664,0.9333333333333333,0.9642857142857143,BeforeSplit,GenAugSpoofOnly,7,0.05,1,3,UnKnown_R,0
300,2,2,LOO_ASUS,8,4,0,0,0.0,0.0,0.0,0.0,1.0,1.0,BeforeSplit,GenAugSpoofOnly,7,0.3,1,2,LOO_ASUS,2
301,2,1,LOO_ASUS,8,4,0,0,0.0,0.0,0.0,0.0,1.0,1.0,BeforeSplit,GenAugSpoofOnly,7,0.3,1,2,LOO_ASUS,1
302,2,0,LOO_ASUS,8,4,0,0,0.0,0.0,0.0,0.0,1.0,1.0,BeforeSplit,GenAugSpoofOnly,7,0.3,1,2,LOO_ASUS,0
303,2,2,LOO_SGS8,8,2,0,0,0.0,0.0,0.0,0.0,1.0,1.0,BeforeSplit,GenAugSpoofOnly,7,0.1,2,2,LOO_SGS8,2
304,2,1,LOO_SGS8,8,2,0,0,0.0,0.0,0.0,0.0,1.0,1.0,BeforeSplit,GenAugSpoofOnly,7,0.1,2,2,LOO_SGS8,1
305,2,0,LOO_SGS8,8,2,0,0,0.0,0.0,0.0,0.0,1.0,1.0,BeforeSplit,GenAugSpoofOnly,7,0.1,2,2,LOO_SGS8,0
306,2,2,LOO_IPP2017,8,4,0,0,0.0,0.0,0.0,0.0,1.0,1.0,BeforeSplit,GenAugSpoofOnly,7,0.05,2,2,LOO_IPP2017,2
307,2,1,LOO_IPP2017,8,4,0,0,0.0,0.0,0.0,0.0,1.0,1.0,BeforeSplit,GenAugSpoofOnly,7,0.05,2,2,LOO_IPP2017,1
308,2,0,LOO_IPP2017,8,4,0,0,0.0,0.0,0.0,0.0,1.0,1.0,BeforeSplit,GenAugSpoofOnly,7,0.05,2,2,LOO_IPP2017,0
309,2,2,LOO_IPP2017,8,4,0,0,0.0,0.0,0.0,0.0,1.0,1.0,BeforeSplit,GenAugSpoofOnly,7,0.3,2,2,LOO_IPP2017,2
310,2,1,LOO_IPP2017,8,4,0,0,0.0,0.0,0.0,0.0,1.0,1.0,BeforeSplit,GenAugSpoofOnly,7,0.3,2,2,LOO_IPP2017,1
311,2,0,LOO_IPP2017,8,4,0,0,0.0,0.0,0.0,0.0,1.0,1.0,BeforeSplit,GenAugSpoofOnly,7,0.3,2,2,LOO_IPP2017,0
312,2,2,LOO_IP7P,8,4,0,0,0.0,0.0,0.0,0.0,1.0,1.0,BeforeSplit,GenAugSpoofOnly,7,0.3,2,2,LOO_IP7P,2
313,2,1,LOO_IP7P,8,4,0,0,0.0,0.0,0.0,0.0,1.0,1.0,BeforeSplit,GenAugSpoofOnly,7,0.3,2,2,LOO_IP7P,1
314,2,0,LOO_IP7P,8,4,0,0,0.0,0.0,0.0,0.0,1.0,1.0,BeforeSplit,GenAugSpoofOnly,7,0.3,2,2,LOO_IP7P,0
315,2,2,LOO_ASUS,8,4,0,0,0.0,0.0,0.0,0.0,1.0,1.0,BeforeSplit,GenAugSpoofOnly,7,0.2,1,2,LOO_ASUS,2
316,2,1,LOO_ASUS,8,4,0,0,0.0,0.0,0.0,0.0,1.0,1.0,BeforeSplit,GenAugSpoofOnly,7,0.2,1,2,LOO_ASUS,1
317,2,0,LOO_ASUS,8,4,0,0,0.0,0.0,0.0,0.0,1.0,1.0,BeforeSplit,GenAugSpoofOnly,7,0.2,1,2,LOO_ASUS,0
318,3,2,UnKnown_P,8,4,0,0,0.0,0.0,0.0,0.0,1.0,1.0,BeforeSplit,GenAugSpoofOnly,7,0.3,2,3,UnKnown_P,2
319,3,1,UnKnown_P,8,3,1,0,0.25,0.0,0.125,0.2,0.8,0.875,BeforeSplit,GenAugSpoofOnly,7,0.3,2,3,UnKnown_P,1
320,3,0,UnKnown_P,8,4,0,0,0.0,0.0,0.0,0.0,1.0,1.0,BeforeSplit,GenAugSpoofOnly,7,0.3,2,3,UnKnown_P,0
321,3,2,UnKnown_R,8,11,3,0,0.21428571428571427,0.0,0.10714285714285714,0.1764705882352941,0.8235294117647058,0.8928571428571428,BeforeSplit,GenAugSpoofOnly,7,0.1,2,3,UnKnown_R,2
322,3,1,UnKnown_R,8,13,1,0,0.07142857142857142,0.0,0.03571428571428571,0.06666666666666664,0.9333333333333333,0.9642857142857143,BeforeSplit,GenAugSpoofOnly,7,0.1,2,3,UnKnown_R,1
323,3,0,UnKnown_R,8,11,3,0,0.21428571428571427,0.0,0.10714285714285714,0.1764705882352941,0.8235294117647058,0.8928571428571428,BeforeSplit,GenAugSpoofOnly,7,0.1,2,3,UnKnown_R,0
324,2,2,LOO_IPP2017,8,4,0,0,0.0,0.0,0.0,0.0,1.0,1.0,AfterSplit,TradAugSpoofOnly,7,0.05,1,2,LOO_IPP2017,2
325,2,1,LOO_IPP2017,8,4,0,0,0.0,0.0,0.0,0.0,1.0,1.0,AfterSplit,TradAugSpoofOnly,7,0.05,1,2,LOO_IPP2017,1
326,2,0,LOO_IPP2017,8,4,0,0,0.0,0.0,0.0,0.0,1.0,1.0,AfterSplit,TradAugSpoofOnly,7,0.05,1,2,LOO_IPP2017,0
327,3,2,UnKnown_R,8,13,1,0,0.07142857142857142,0.0,0.03571428571428571,0.06666666666666664,0.9333333333333333,0.9642857142857143,AfterSplit,TradAugSpoofOnly,7,0.2,1,3,UnKnown_R,2
328,3,1,UnKnown_R,8,13,1,0,0.07142857142857142,0.0,0.03571428571428571,0.06666666666666664,0.9333333333333333,0.9642857142857143,AfterSplit,TradAugSpoofOnly,7,0.2,1,3,UnKnown_R,1
329,3,0,UnKnown_R,8,13,1,0,0.07142857142857142,0.0,0.03571428571428571,0.06666666666666664,0.9333333333333333,0.9642857142857143,AfterSplit,TradAugSpoofOnly,7,0.2,1,3,UnKnown_R,0
330,2,2,LOO_IPP2017,8,4,0,0,0.0,0.0,0.0,0.0,1.0,1.0,AfterSplit,TradAugSpoofOnly,7,0.1,1,2,LOO_IPP2017,2
331,2,1,LOO_IPP2017,8,4,0,0,0.0,0.0,0.0,0.0,1.0,1.0,AfterSplit,TradAugSpoofOnly,7,0.1,1,2,LOO_IPP2017,1
332,2,0,LOO_IPP2017,8,4,0,0,0.0,0.0,0.0,0.0,1.0,1.0,AfterSplit,TradAugSpoofOnly,7,0.1,1,2,LOO_IPP2017,0
333,3,2,UnKnown_P,8,4,0,0,0.0,0.0,0.0,0.0,1.0,1.0,AfterSplit,TradAugSpoofOnly,7,0.2,2,3,UnKnown_P,2
334,3,1,UnKnown_P,8,4,0,0,0.0,0.0,0.0,0.0,1.0,1.0,AfterSplit,TradAugSpoofOnly,7,0.2,2,3,UnKnown_P,1
335,3,0,UnKnown_P,8,4,0,0,0.0,0.0,0.0,0.0,1.0,1.0,AfterSplit,TradAugSpoofOnly,7,0.2,2,3,UnKnown_P,0
336,2,2,LOO_ASUS,8,4,0,0,0.0,0.0,0.0,0.0,1.0,1.0,AfterSplit,TradAugSpoofOnly,7,0.3,2,2,LOO_ASUS,2
337,2,1,LOO_ASUS,8,4,0,0,0.0,0.0,0.0,0.0,1.0,1.0,AfterSplit,TradAugSpoofOnly,7,0.3,2,2,LOO_ASUS,1
338,2,0,LOO_ASUS,8,4,0,0,0.0,0.0,0.0,0.0,1.0,1.0,AfterSplit,TradAugSpoofOnly,7,0.3,2,2,LOO_ASUS,0
339,3,2,UnKnown_P,8,4,0,0,0.0,0.0,0.0,0.0,1.0,1.0,AfterSplit,TradAugSpoofOnly,7,0.2,1,3,UnKnown_P,2
340,3,1,UnKnown_P,8,4,0,0,0.0,0.0,0.0,0.0,1.0,1.0,AfterSplit,TradAugSpoofOnly,7,0.2,1,3,UnKnown_P,1
341,3,0,UnKnown_P,8,4,0,0,0.0,0.0,0.0,0.0,1.0,1.0,AfterSplit,TradAugSpoofOnly,7,0.2,1,3,UnKnown_P,0
342,3,2,UnKnown_R,8,14,0,0,0.0,0.0,0.0,0.0,1.0,1.0,AfterSplit,TradAugSpoofOnly,7,0.3,1,3,UnKnown_R,2
343,3,1,UnKnown_R,8,12,2,0,0.14285714285714285,0.0,0.07142857142857142,0.12500000000000006,0.875,0.9285714285714286,AfterSplit,TradAugSpoofOnly,7,0.3,1,3,UnKnown_R,1
344,3,0,UnKnown_R,8,12,2,0,0.14285714285714285,0.0,0.07142857142857142,0.12500000000000006,0.875,0.9285714285714286,AfterSplit,TradAugSpoofOnly,7,0.3,1,3,UnKnown_R,0
345,2,2,LOO_ASUS,8,4,0,0,0.0,0.0,0.0,0.0,1.0,1.0,AfterSplit,TradAugSpoofOnly,7,0.1,2,2,LOO_ASUS,2
346,2,1,LOO_ASUS,8,4,0,0,0.0,0.0,0.0,0.0,1.0,1.0,AfterSplit,TradAugSpoofOnly,7,0.1,2,2,LOO_ASUS,1
347,2,0,LOO_ASUS,8,4,0,0,0.0,0.0,0.0,0.0,1.0,1.0,AfterSplit,TradAugSpoofOnly,7,0.1,2,2,LOO_ASUS,0
348,2,2,LOO_ASUS,8,4,0,0,0.0,0.0,0.0,0.0,1.0,1.0,AfterSplit,TradAugSpoofOnly,7,0.2,2,2,LOO_ASUS,2
349,2,1,LOO_ASUS,8,4,0,0,0.0,0.0,0.0,0.0,1.0,1.0,AfterSplit,TradAugSpoofOnly,7,0.2,2,2,LOO_ASUS,1
350,2,0,LOO_ASUS,8,4,0,0,0.0,0.0,0.0,0.0,1.0,1.0,AfterSplit,TradAugSpoofOnly,7,0.2,2,2,LOO_ASUS,0
351,2,2,LOO_ASUS,8,4,0,0,0.0,0.0,0.0,0.0,1.0,1.0,AfterSplit,TradAugSpoofOnly,7,0.1,1,2,LOO_ASUS,2
352,2,1,LOO_ASUS,8,4,0,0,0.0,0.0,0.0,0.0,1.0,1.0,AfterSplit,TradAugSpoofOnly,7,0.1,1,2,LOO_ASUS,1
353,2,0,LOO_ASUS,8,4,0,0,0.0,0.0,0.0,0.0,1.0,1.0,AfterSplit,TradAugSpoofOnly,7,0.1,1,2,LOO_ASUS,0
354,3,2,UnKnown_R,8,12,2,0,0.14285714285714285,0.0,0.07142857142857142,0.12500000000000006,0.875,0.9285714285714286,AfterSplit,TradAugSpoofOnly,7,0.2,2,3,UnKnown_R,2
355,3,1,UnKnown_R,8,12,2,0,0.14285714285714285,0.0,0.07142857142857142,0.12500000000000006,0.875,0.9285714285714286,AfterSplit,TradAugSpoofOnly,7,0.2,2,3,UnKnown_R,1
356,3,0,UnKnown_R,8,12,2,0,0.14285714285714285,0.0,0.07142857142857142,0.12500000000000006,0.875,0.9285714285714286,AfterSplit,TradAugSpoofOnly,7,0.2,2,3,UnKnown_R,0
357,3,2,UnKnown_P,8,4,0,0,0.0,0.0,0.0,0.0,1.0,1.0,AfterSplit,TradAugSpoofOnly,7,0.05,1,3,UnKnown_P,2
358,3,1,UnKnown_P,8,4,0,0,0.0,0.0,0.0,0.0,1.0,1.0,AfterSplit,TradAugSpoofOnly,7,0.05,1,3,UnKnown_P,1
359,3,0,UnKnown_P,8,4,0,0,0.0,0.0,0.0,0.0,1.0,1.0,AfterSplit,TradAugSpoofOnly,7,0.05,1,3,UnKnown_P,0
360,2,2,LOO_SGS8,8,2,0,0,0.0,0.0,0.0,0.0,1.0,1.0,AfterSplit,TradAugSpoofOnly,7,0.3,2,2,LOO_SGS8,2
361,2,1,LOO_SGS8,8,2,0,0,0.0,0.0,0.0,0.0,1.0,1.0,AfterSplit,TradAugSpoofOnly,7,0.3,2,2,LOO_SGS8,1
362,2,0,LOO_SGS8,8,2,0,0,0.0,0.0,0.0,0.0,1.0,1.0,AfterSplit,TradAugSpoofOnly,7,0.3,2,2,LOO_SGS8,0
363,2,2,LOO_IPP2017,8,4,0,0,0.0,0.0,0.0,0.0,1.0,1.0,AfterSplit,TradAugSpoofOnly,7,0.2,1,2,LOO_IPP2017,2
364,2,1,LOO_IPP2017,8,4,0,0,0.0,0.0,0.0,0.0,1.0,1.0,AfterSplit,TradAugSpoofOnly,7,0.2,1,2,LOO_IPP2017,1
365,2,0,LOO_IPP2017,8,4,0,0,0.0,0.0,0.0,0.0,1.0,1.0,AfterSplit,TradAugSpoofOnly,7,0.2,1,2,LOO_IPP2017,0
366,2,2,LOO_IP7P,8,4,0,0,0.0,0.0,0.0,0.0,1.0,1.0,AfterSplit,TradAugSpoofOnly,7,0.2,1,2,LOO_IP7P,2
367,2,1,LOO_IP7P,8,4,0,0,0.0,0.0,0.0,0.0,1.0,1.0,AfterSplit,TradAugSpoofOnly,7,0.2,1,2,LOO_IP7P,1
368,2,0,LOO_IP7P,8,4,0,0,0.0,0.0,0.0,0.0,1.0,1.0,AfterSplit,TradAugSpoofOnly,7,0.2,1,2,LOO_IP7P,0
369,2,2,LOO_IPP2017,8,4,0,0,0.0,0.0,0.0,0.0,1.0,1.0,AfterSplit,TradAugSpoofOnly,7,0.2,2,2,LOO_IPP2017,2
370,2,1,LOO_IPP2017,8,4,0,0,0.0,0.0,0.0,0.0,1.0,1.0,AfterSplit,TradAugSpoofOnly,7,0.2,2,2,LOO_IPP2017,1
371,2,0,LOO_IPP2017,8,4,0,0,0.0,0.0,0.0,0.0,1.0,1.0,AfterSplit,TradAugSpoofOnly,7,0.2,2,2,LOO_IPP2017,0
372,2,2,LOO_SGS8,8,2,0,0,0.0,0.0,0.0,0.0,1.0,1.0,AfterSplit,TradAugSpoofOnly,7,0.1,1,2,LOO_SGS8,2
373,2,1,LOO_SGS8,8,2,0,0,0.0,0.0,0.0,0.0,1.0,1.0,AfterSplit,TradAugSpoofOnly,7,0.1,1,2,LOO_SGS8,1
374,2,0,LOO_SGS8,8,2,0,0,0.0,0.0,0.0,0.0,1.0,1.0,AfterSplit,TradAugSpoofOnly,7,0.1,1,2,LOO_SGS8,0
375,2,2,LOO_SGS8,7,2,0,1,0.0,0.125,0.0625,0.1111111111111111,1.1111111111111112,0.9375,AfterSplit,TradAugSpoofOnly,7,0.3,1,2,LOO_SGS8,2
376,2,1,LOO_SGS8,8,2,0,0,0.0,0.0,0.0,0.0,1.0,1.0,AfterSplit,TradAugSpoofOnly,7,0.3,1,2,LOO_SGS8,1
377,2,0,LOO_SGS8,8,2,0,0,0.0,0.0,0.0,0.0,1.0,1.0,AfterSplit,TradAugSpoofOnly,7,0.3,1,2,LOO_SGS8,0
378,3,2,UnKnown_R,8,13,1,0,0.07142857142857142,0.0,0.03571428571428571,0.06666666666666664,0.9333333333333333,0.9642857142857143,AfterSplit,TradAugSpoofOnly,7,0.1,1,3,UnKnown_R,2
379,3,1,UnKnown_R,8,13,1,0,0.07142857142857142,0.0,0.03571428571428571,0.06666666666666664,0.9333333333333333,0.9642857142857143,AfterSplit,TradAugSpoofOnly,7,0.1,1,3,UnKnown_R,1
380,3,0,UnKnown_R,8,13,1,0,0.07142857142857142,0.0,0.03571428571428571,0.06666666666666664,0.9333333333333333,0.9642857142857143,AfterSplit,TradAugSpoofOnly,7,0.1,1,3,UnKnown_R,0
381,3,2,UnKnown_P,8,4,0,0,0.0,0.0,0.0,0.0,1.0,1.0,AfterSplit,TradAugSpoofOnly,7,0.3,2,3,UnKnown_P,2
382,3,1,UnKnown_P,8,4,0,0,0.0,0.0,0.0,0.0,1.0,1.0,AfterSplit,TradAugSpoofOnly,7,0.3,2,3,UnKnown_P,1
383,3,0,UnKnown_P,8,4,0,0,0.0,0.0,0.0,0.0,1.0,1.0,AfterSplit,TradAugSpoofOnly,7,0.3,2,3,UnKnown_P,0
384,2,2,LOO_IP7P,8,4,0,0,0.0,0.0,0.0,0.0,1.0,1.0,AfterSplit,TradAugSpoofOnly,7,0.1,2,2,LOO_IP7P,2
385,2,1,LOO_IP7P,8,4,0,0,0.0,0.0,0.0,0.0,1.0,1.0,AfterSplit,TradAugSpoofOnly,7,0.1,2,2,LOO_IP7P,1
386,2,0,LOO_IP7P,8,4,0,0,0.0,0.0,0.0,0.0,1.0,1.0,AfterSplit,TradAugSpoofOnly,7,0.1,2,2,LOO_IP7P,0
387,3,2,UnKnown_R,8,12,2,0,0.14285714285714285,0.0,0.07142857142857142,0.12500000000000006,0.875,0.9285714285714286,AfterSplit,TradAugSpoofOnly,7,0.05,2,3,UnKnown_R,2
388,3,1,UnKnown_R,8,13,1,0,0.07142857142857142,0.0,0.03571428571428571,0.06666666666666664,0.9333333333333333,0.9642857142857143,AfterSplit,TradAugSpoofOnly,7,0.05,2,3,UnKnown_R,1
389,3,0,UnKnown_R,8,13,1,0,0.07142857142857142,0.0,0.03571428571428571,0.06666666666666664,0.9333333333333333,0.9642857142857143,AfterSplit,TradAugSpoofOnly,7,0.05,2,3,UnKnown_R,0
390,2,2,LOO_IP7P,8,4,0,0,0.0,0.0,0.0,0.0,1.0,1.0,AfterSplit,TradAugSpoofOnly,7,0.3,1,2,LOO_IP7P,2
391,2,1,LOO_IP7P,8,4,0,0,0.0,0.0,0.0,0.0,1.0,1.0,AfterSplit,TradAugSpoofOnly,7,0.3,1,2,LOO_IP7P,1
392,2,0,LOO_IP7P,8,4,0,0,0.0,0.0,0.0,0.0,1.0,1.0,AfterSplit,TradAugSpoofOnly,7,0.3,1,2,LOO_IP7P,0
393,3,2,UnKnown_P,8,4,0,0,0.0,0.0,0.0,0.0,1.0,1.0,AfterSplit,TradAugSpoofOnly,7,0.1,1,3,UnKnown_P,2
394,3,1,UnKnown_P,8,4,0,0,0.0,0.0,0.0,0.0,1.0,1.0,AfterSplit,TradAugSpoofOnly,7,0.1,1,3,UnKnown_P,1
395,3,0,UnKnown_P,8,4,0,0,0.0,0.0,0.0,0.0,1.0,1.0,AfterSplit,TradAugSpoofOnly,7,0.1,1,3,UnKnown_P,0
396,2,2,LOO_SGS8,8,2,0,0,0.0,0.0,0.0,0.0,1.0,1.0,AfterSplit,TradAugSpoofOnly,7,0.05,2,2,LOO_SGS8,2
397,2,1,LOO_SGS8,8,2,0,0,0.0,0.0,0.0,0.0,1.0,1.0,AfterSplit,TradAugSpoofOnly,7,0.05,2,2,LOO_SGS8,1
398,2,0,LOO_SGS8,8,2,0,0,0.0,0.0,0.0,0.0,1.0,1.0,AfterSplit,TradAugSpoofOnly,7,0.05,2,2,LOO_SGS8,0
399,3,2,UnKnown_P,8,4,0,0,0.0,0.0,0.0,0.0,1.0,1.0,AfterSplit,TradAugSpoofOnly,7,0.1,2,3,UnKnown_P,2
400,3,1,UnKnown_P,8,4,0,0,0.0,0.0,0.0,0.0,1.0,1.0,AfterSplit,TradAugSpoofOnly,7,0.1,2,3,UnKnown_P,1
401,3,0,UnKnown_P,8,4,0,0,0.0,0.0,0.0,0.0,1.0,1.0,AfterSplit,TradAugSpoofOnly,7,0.1,2,3,UnKnown_P,0
402,2,2,LOO_ASUS,8,4,0,0,0.0,0.0,0.0,0.0,1.0,1.0,AfterSplit,TradAugSpoofOnly,7,0.3,1,2,LOO_ASUS,2
403,2,1,LOO_ASUS,8,4,0,0,0.0,0.0,0.0,0.0,1.0,1.0,AfterSplit,TradAugSpoofOnly,7,0.3,1,2,LOO_ASUS,1
404,2,0,LOO_ASUS,8,4,0,0,0.0,0.0,0.0,0.0,1.0,1.0,AfterSplit,TradAugSpoofOnly,7,0.3,1,2,LOO_ASUS,0
405,2,2,LOO_ASUS,8,4,0,0,0.0,0.0,0.0,0.0,1.0,1.0,AfterSplit,TradAugSpoofOnly,7,0.05,1,2,LOO_ASUS,2
406,2,1,LOO_ASUS,8,4,0,0,0.0,0.0,0.0,0.0,1.0,1.0,AfterSplit,TradAugSpoofOnly,7,0.05,1,2,LOO_ASUS,1
407,2,0,LOO_ASUS,8,4,0,0,0.0,0.0,0.0,0.0,1.0,1.0,AfterSplit,TradAugSpoofOnly,7,0.05,1,2,LOO_ASUS,0
408,2,2,LOO_SGS8,8,2,0,0,0.0,0.0,0.0,0.0,1.0,1.0,AfterSplit,TradAugSpoofOnly,7,0.2,1,2,LOO_SGS8,2
409,2,1,LOO_SGS8,8,2,0,0,0.0,0.0,0.0,0.0,1.0,1.0,AfterSplit,TradAugSpoofOnly,7,0.2,1,2,LOO_SGS8,1
410,2,0,LOO_SGS8,8,2,0,0,0.0,0.0,0.0,0.0,1.0,1.0,AfterSplit,TradAugSpoofOnly,7,0.2,1,2,LOO_SGS8,0
411,2,2,LOO_IP7P,8,4,0,0,0.0,0.0,0.0,0.0,1.0,1.0,AfterSplit,TradAugSpoofOnly,7,0.05,1,2,LOO_IP7P,2
412,2,1,LOO_IP7P,8,4,0,0,0.0,0.0,0.0,0.0,1.0,1.0,AfterSplit,TradAugSpoofOnly,7,0.05,1,2,LOO_IP7P,1
413,2,0,LOO_IP7P,8,4,0,0,0.0,0.0,0.0,0.0,1.0,1.0,AfterSplit,TradAugSpoofOnly,7,0.05,1,2,LOO_IP7P,0
414,2,2,LOO_IP7P,8,4,0,0,0.0,0.0,0.0,0.0,1.0,1.0,AfterSplit,TradAugSpoofOnly,7,0.3,2,2,LOO_IP7P,2
415,2,1,LOO_IP7P,8,4,0,0,0.0,0.0,0.0,0.0,1.0,1.0,AfterSplit,TradAugSpoofOnly,7,0.3,2,2,LOO_IP7P,1
416,2,0,LOO_IP7P,8,4,0,0,0.0,0.0,0.0,0.0,1.0,1.0,AfterSplit,TradAugSpoofOnly,7,0.3,2,2,LOO_IP7P,0
417,2,2,LOO_IPP2017,8,4,0,0,0.0,0.0,0.0,0.0,1.0,1.0,AfterSplit,TradAugSpoofOnly,7,0.3,1,2,LOO_IPP2017,2
418,2,1,LOO_IPP2017,8,4,0,0,0.0,0.0,0.0,0.0,1.0,1.0,AfterSplit,TradAugSpoofOnly,7,0.3,1,2,LOO_IPP2017,1
419,2,0,LOO_IPP2017,8,4,0,0,0.0,0.0,0.0,0.0,1.0,1.0,AfterSplit,TradAugSpoofOnly,7,0.3,1,2,LOO_IPP2017,0
420,2,2,LOO_ASUS,8,4,0,0,0.0,0.0,0.0,0.0,1.0,1.0,AfterSplit,TradAugSpoofOnly,7,0.2,1,2,LOO_ASUS,2
421,2,1,LOO_ASUS,8,4,0,0,0.0,0.0,0.0,0.0,1.0,1.0,AfterSplit,TradAugSpoofOnly,7,0.2,1,2,LOO_ASUS,1
422,2,0,LOO_ASUS,8,4,0,0,0.0,0.0,0.0,0.0,1.0,1.0,AfterSplit,TradAugSpoofOnly,7,0.2,1,2,LOO_ASUS,0
423,3,2,UnKnown_R,8,14,0,0,0.0,0.0,0.0,0.0,1.0,1.0,AfterSplit,TradAugSpoofOnly,7,0.05,1,3,UnKnown_R,2
424,3,1,UnKnown_R,8,13,1,0,0.07142857142857142,0.0,0.03571428571428571,0.06666666666666664,0.9333333333333333,0.9642857142857143,AfterSplit,TradAugSpoofOnly,7,0.05,1,3,UnKnown_R,1
425,3,0,UnKnown_R,8,14,0,0,0.0,0.0,0.0,0.0,1.0,1.0,AfterSplit,TradAugSpoofOnly,7,0.05,1,3,UnKnown_R,0
426,3,2,UnKnown_P,8,4,0,0,0.0,0.0,0.0,0.0,1.0,1.0,AfterSplit,TradAugSpoofOnly,7,0.3,1,3,UnKnown_P,2
427,3,1,UnKnown_P,8,4,0,0,0.0,0.0,0.0,0.0,1.0,1.0,AfterSplit,TradAugSpoofOnly,7,0.3,1,3,UnKnown_P,1
428,3,0,UnKnown_P,8,4,0,0,0.0,0.0,0.0,0.0,1.0,1.0,AfterSplit,TradAugSpoofOnly,7,0.3,1,3,UnKnown_P,0
429,2,2,LOO_SGS8,8,2,0,0,0.0,0.0,0.0,0.0,1.0,1.0,AfterSplit,TradAugSpoofOnly,7,0.05,1,2,LOO_SGS8,2
430,2,1,LOO_SGS8,8,2,0,0,0.0,0.0,0.0,0.0,1.0,1.0,AfterSplit,TradAugSpoofOnly,7,0.05,1,2,LOO_SGS8,1
431,2,0,LOO_SGS8,8,2,0,0,0.0,0.0,0.0,0.0,1.0,1.0,AfterSplit,TradAugSpoofOnly,7,0.05,1,2,LOO_SGS8,0
432,3,2,UnKnown_R,8,13,1,0,0.07142857142857142,0.0,0.03571428571428571,0.06666666666666664,0.9333333333333333,0.9642857142857143,AfterSplit,TradAugSpoofOnly,7,0.3,2,3,UnKnown_R,2
433,3,1,UnKnown_R,8,12,2,0,0.14285714285714285,0.0,0.07142857142857142,0.12500000000000006,0.875,0.9285714285714286,AfterSplit,TradAugSpoofOnly,7,0.3,2,3,UnKnown_R,1
434,3,0,UnKnown_R,8,12,2,0,0.14285714285714285,0.0,0.07142857142857142,0.12500000000000006,0.875,0.9285714285714286,AfterSplit,TradAugSpoofOnly,7,0.3,2,3,UnKnown_R,0
435,2,2,LOO_IP7P,8,4,0,0,0.0,0.0,0.0,0.0,1.0,1.0,AfterSplit,TradAugSpoofOnly,7,0.2,2,2,LOO_IP7P,2
436,2,1,LOO_IP7P,8,4,0,0,0.0,0.0,0.0,0.0,1.0,1.0,AfterSplit,TradAugSpoofOnly,7,0.2,2,2,LOO_IP7P,1
437,2,0,LOO_IP7P,8,4,0,0,0.0,0.0,0.0,0.0,1.0,1.0,AfterSplit,TradAugSpoofOnly,7,0.2,2,2,LOO_IP7P,0
438,3,2,UnKnown_R,8,13,1,0,0.07142857142857142,0.0,0.03571428571428571,0.06666666666666664,0.9333333333333333,0.9642857142857143,AfterSplit,TradAugSpoofOnly,7,0.1,2,3,UnKnown_R,2
439,3,1,UnKnown_R,8,13,1,0,0.07142857142857142,0.0,0.03571428571428571,0.06666666666666664,0.9333333333333333,0.9642857142857143,AfterSplit,TradAugSpoofOnly,7,0.1,2,3,UnKnown_R,1
440,3,0,UnKnown_R,8,13,1,0,0.07142857142857142,0.0,0.03571428571428571,0.06666666666666664,0.9333333333333333,0.9642857142857143,AfterSplit,TradAugSpoofOnly,7,0.1,2,3,UnKnown_R,0
441,2,2,LOO_IPP2017,8,4,0,0,0.0,0.0,0.0,0.0,1.0,1.0,AfterSplit,TradAugSpoofOnly,7,0.3,2,2,LOO_IPP2017,2
442,2,1,LOO_IPP2017,8,4,0,0,0.0,0.0,0.0,0.0,1.0,1.0,AfterSplit,TradAugSpoofOnly,7,0.3,2,2,LOO_IPP2017,1
443,2,0,LOO_IPP2017,8,4,0,0,0.0,0.0,0.0,0.0,1.0,1.0,AfterSplit,TradAugSpoofOnly,7,0.3,2,2,LOO_IPP2017,0
444,2,2,LOO_ASUS,8,4,0,0,0.0,0.0,0.0,0.0,1.0,1.0,AfterSplit,TradAugSpoofOnly,7,0.05,2,2,LOO_ASUS,2
445,2,1,LOO_ASUS,8,4,0,0,0.0,0.0,0.0,0.0,1.0,1.0,AfterSplit,TradAugSpoofOnly,7,0.05,2,2,LOO_ASUS,1
446,2,0,LOO_ASUS,8,4,0,0,0.0,0.0,0.0,0.0,1.0,1.0,AfterSplit,TradAugSpoofOnly,7,0.05,2,2,LOO_ASUS,0
447,2,2,LOO_IP7P,8,4,0,0,0.0,0.0,0.0,0.0,1.0,1.0,AfterSplit,TradAugSpoofOnly,7,0.1,1,2,LOO_IP7P,2
448,2,1,LOO_IP7P,8,4,0,0,0.0,0.0,0.0,0.0,1.0,1.0,AfterSplit,TradAugSpoofOnly,7,0.1,1,2,LOO_IP7P,1
449,2,0,LOO_IP7P,8,4,0,0,0.0,0.0,0.0,0.0,1.0,1.0,AfterSplit,TradAugSpoofOnly,7,0.1,1,2,LOO_IP7P,0
450,2,2,LOO_SGS8,8,2,0,0,0.0,0.0,0.0,0.0,1.0,1.0,AfterSplit,TradAugSpoofOnly,7,0.1,2,2,LOO_SGS8,2
451,2,1,LOO_SGS8,8,2,0,0,0.0,0.0,0.0,0.0,1.0,1.0,AfterSplit,TradAugSpoofOnly,7,0.1,2,2,LOO_SGS8,1
452,2,0,LOO_SGS8,8,2,0,0,0.0,0.0,0.0,0.0,1.0,1.0,AfterSplit,TradAugSpoofOnly,7,0.1,2,2,LOO_SGS8,0
453,2,2,LOO_IPP2017,8,4,0,0,0.0,0.0,0.0,0.0,1.0,1.0,AfterSplit,TradAugSpoofOnly,7,0.1,2,2,LOO_IPP2017,2
454,2,1,LOO_IPP2017,8,4,0,0,0.0,0.0,0.0,0.0,1.0,1.0,AfterSplit,TradAugSpoofOnly,7,0.1,2,2,LOO_IPP2017,1
455,2,0,LOO_IPP2017,8,4,0,0,0.0,0.0,0.0,0.0,1.0,1.0,AfterSplit,TradAugSpoofOnly,7,0.1,2,2,LOO_IPP2017,0
456,2,2,LOO_IPP2017,8,4,0,0,0.0,0.0,0.0,0.0,1.0,1.0,AfterSplit,TradAugSpoofOnly,7,0.05,2,2,LOO_IPP2017,2
457,2,1,LOO_IPP2017,8,4,0,0,0.0,0.0,0.0,0.0,1.0,1.0,AfterSplit,TradAugSpoofOnly,7,0.05,2,2,LOO_IPP2017,1
458,2,0,LOO_IPP2017,8,4,0,0,0.0,0.0,0.0,0.0,1.0,1.0,AfterSplit,TradAugSpoofOnly,7,0.05,2,2,LOO_IPP2017,0
459,3,2,UnKnown_P,8,4,0,0,0.0,0.0,0.0,0.0,1.0,1.0,AfterSplit,TradAugSpoofOnly,7,0.05,2,3,UnKnown_P,2
460,3,1,UnKnown_P,8,3,1,0,0.25,0.0,0.125,0.2,0.8,0.875,AfterSplit,TradAugSpoofOnly,7,0.05,2,3,UnKnown_P,1
461,3,0,UnKnown_P,8,4,0,0,0.0,0.0,0.0,0.0,1.0,1.0,AfterSplit,TradAugSpoofOnly,7,0.05,2,3,UnKnown_P,0
462,2,2,LOO_SGS8,8,2,0,0,0.0,0.0,0.0,0.0,1.0,1.0,AfterSplit,TradAugSpoofOnly,7,0.2,2,2,LOO_SGS8,2
463,2,1,LOO_SGS8,8,2,0,0,0.0,0.0,0.0,0.0,1.0,1.0,AfterSplit,TradAugSpoofOnly,7,0.2,2,2,LOO_SGS8,1
464,2,0,LOO_SGS8,8,2,0,0,0.0,0.0,0.0,0.0,1.0,1.0,AfterSplit,TradAugSpoofOnly,7,0.2,2,2,LOO_SGS8,0
465,2,2,LOO_IP7P,8,4,0,0,0.0,0.0,0.0,0.0,1.0,1.0,AfterSplit,TradAugSpoofOnly,7,0.05,2,2,LOO_IP7P,2
466,2,1,LOO_IP7P,8,4,0,0,0.0,0.0,0.0,0.0,1.0,1.0,AfterSplit,TradAugSpoofOnly,7,0.05,2,2,LOO_IP7P,1
467,2,0,LOO_IP7P,8,4,0,0,0.0,0.0,0.0,0.0,1.0,1.0,AfterSplit,TradAugSpoofOnly,7,0.05,2,2,LOO_IP7P,0
468,2,2,LOO_IPP2017,8,4,0,0,0.0,0.0,0.0,0.0,1.0,1.0,BeforeSplit,TradAugSpoofOnly,7,0.05,1,2,LOO_IPP2017,2
469,2,1,LOO_IPP2017,8,4,0,0,0.0,0.0,0.0,0.0,1.0,1.0,BeforeSplit,TradAugSpoofOnly,7,0.05,1,2,LOO_IPP2017,1
470,2,0,LOO_IPP2017,8,4,0,0,0.0,0.0,0.0,0.0,1.0,1.0,BeforeSplit,TradAugSpoofOnly,7,0.05,1,2,LOO_IPP2017,0
471,3,2,UnKnown_R,8,12,2,0,0.14285714285714285,0.0,0.07142857142857142,0.12500000000000006,0.875,0.9285714285714286,BeforeSplit,TradAugSpoofOnly,7,0.2,1,3,UnKnown_R,2
472,3,1,UnKnown_R,8,12,2,0,0.14285714285714285,0.0,0.07142857142857142,0.12500000000000006,0.875,0.9285714285714286,BeforeSplit,TradAugSpoofOnly,7,0.2,1,3,UnKnown_R,1
473,3,0,UnKnown_R,8,12,2,0,0.14285714285714285,0.0,0.07142857142857142,0.12500000000000006,0.875,0.9285714285714286,BeforeSplit,TradAugSpoofOnly,7,0.2,1,3,UnKnown_R,0
474,2,2,LOO_IPP2017,8,4,0,0,0.0,0.0,0.0,0.0,1.0,1.0,BeforeSplit,TradAugSpoofOnly,7,0.1,1,2,LOO_IPP2017,2
475,2,1,LOO_IPP2017,8,4,0,0,0.0,0.0,0.0,0.0,1.0,1.0,BeforeSplit,TradAugSpoofOnly,7,0.1,1,2,LOO_IPP2017,1
476,2,0,LOO_IPP2017,8,4,0,0,0.0,0.0,0.0,0.0,1.0,1.0,BeforeSplit,TradAugSpoofOnly,7,0.1,1,2,LOO_IPP2017,0
477,3,2,UnKnown_P,8,4,0,0,0.0,0.0,0.0,0.0,1.0,1.0,BeforeSplit,TradAugSpoofOnly,7,0.2,2,3,UnKnown_P,2
478,3,1,UnKnown_P,8,4,0,0,0.0,0.0,0.0,0.0,1.0,1.0,BeforeSplit,TradAugSpoofOnly,7,0.2,2,3,UnKnown_P,1
479,3,0,UnKnown_P,8,4,0,0,0.0,0.0,0.0,0.0,1.0,1.0,BeforeSplit,TradAugSpoofOnly,7,0.2,2,3,UnKnown_P,0
480,2,2,LOO_ASUS,8,4,0,0,0.0,0.0,0.0,0.0,1.0,1.0,BeforeSplit,TradAugSpoofOnly,7,0.3,2,2,LOO_ASUS,2
481,2,1,LOO_ASUS,8,4,0,0,0.0,0.0,0.0,0.0,1.0,1.0,BeforeSplit,TradAugSpoofOnly,7,0.3,2,2,LOO_ASUS,1
482,2,0,LOO_ASUS,8,4,0,0,0.0,0.0,0.0,0.0,1.0,1.0,BeforeSplit,TradAugSpoofOnly,7,0.3,2,2,LOO_ASUS,0
483,3,2,UnKnown_P,8,4,0,0,0.0,0.0,0.0,0.0,1.0,1.0,BeforeSplit,TradAugSpoofOnly,7,0.2,1,3,UnKnown_P,2
484,3,1,UnKnown_P,8,4,0,0,0.0,0.0,0.0,0.0,1.0,1.0,BeforeSplit,TradAugSpoofOnly,7,0.2,1,3,UnKnown_P,1
485,3,0,UnKnown_P,8,4,0,0,0.0,0.0,0.0,0.0,1.0,1.0,BeforeSplit,TradAugSpoofOnly,7,0.2,1,3,UnKnown_P,0
486,3,2,UnKnown_R,8,12,2,0,0.14285714285714285,0.0,0.07142857142857142,0.12500000000000006,0.875,0.9285714285714286,BeforeSplit,TradAugSpoofOnly,7,0.3,1,3,UnKnown_R,2
487,3,1,UnKnown_R,8,12,2,0,0.14285714285714285,0.0,0.07142857142857142,0.12500000000000006,0.875,0.9285714285714286,BeforeSplit,TradAugSpoofOnly,7,0.3,1,3,UnKnown_R,1
488,3,0,UnKnown_R,8,12,2,0,0.14285714285714285,0.0,0.07142857142857142,0.12500000000000006,0.875,0.9285714285714286,BeforeSplit,TradAugSpoofOnly,7,0.3,1,3,UnKnown_R,0
489,2,2,LOO_ASUS,8,4,0,0,0.0,0.0,0.0,0.0,1.0,1.0,BeforeSplit,TradAugSpoofOnly,7,0.1,2,2,LOO_ASUS,2
490,2,1,LOO_ASUS,8,4,0,0,0.0,0.0,0.0,0.0,1.0,1.0,BeforeSplit,TradAugSpoofOnly,7,0.1,2,2,LOO_ASUS,1
491,2,0,LOO_ASUS,8,4,0,0,0.0,0.0,0.0,0.0,1.0,1.0,BeforeSplit,TradAugSpoofOnly,7,0.1,2,2,LOO_ASUS,0
492,2,2,LOO_ASUS,8,4,0,0,0.0,0.0,0.0,0.0,1.0,1.0,BeforeSplit,TradAugSpoofOnly,7,0.2,2,2,LOO_ASUS,2
493,2,1,LOO_ASUS,8,4,0,0,0.0,0.0,0.0,0.0,1.0,1.0,BeforeSplit,TradAugSpoofOnly,7,0.2,2,2,LOO_ASUS,1
494,2,0,LOO_ASUS,8,4,0,0,0.0,0.0,0.0,0.0,1.0,1.0,BeforeSplit,TradAugSpoofOnly,7,0.2,2,2,LOO_ASUS,0
495,2,2,LOO_ASUS,8,4,0,0,0.0,0.0,0.0,0.0,1.0,1.0,BeforeSplit,TradAugSpoofOnly,7,0.1,1,2,LOO_ASUS,2
496,2,1,LOO_ASUS,8,4,0,0,0.0,0.0,0.0,0.0,1.0,1.0,BeforeSplit,TradAugSpoofOnly,7,0.1,1,2,LOO_ASUS,1
497,2,0,LOO_ASUS,8,4,0,0,0.0,0.0,0.0,0.0,1.0,1.0,BeforeSplit,TradAugSpoofOnly,7,0.1,1,2,LOO_ASUS,0
498,3,2,UnKnown_R,8,12,2,0,0.14285714285714285,0.0,0.07142857142857142,0.12500000000000006,0.875,0.9285714285714286,BeforeSplit,TradAugSpoofOnly,7,0.2,2,3,UnKnown_R,2
499,3,1,UnKnown_R,8,13,1,0,0.07142857142857142,0.0,0.03571428571428571,0.06666666666666664,0.9333333333333333,0.9642857142857143,BeforeSplit,TradAugSpoofOnly,7,0.2,2,3,UnKnown_R,1
500,3,0,UnKnown_R,8,14,0,0,0.0,0.0,0.0,0.0,1.0,1.0,BeforeSplit,TradAugSpoofOnly,7,0.2,2,3,UnKnown_R,0
501,3,2,UnKnown_P,8,4,0,0,0.0,0.0,0.0,0.0,1.0,1.0,BeforeSplit,TradAugSpoofOnly,7,0.05,1,3,UnKnown_P,2
502,3,1,UnKnown_P,8,4,0,0,0.0,0.0,0.0,0.0,1.0,1.0,BeforeSplit,TradAugSpoofOnly,7,0.05,1,3,UnKnown_P,1
503,3,0,UnKnown_P,8,4,0,0,0.0,0.0,0.0,0.0,1.0,1.0,BeforeSplit,TradAugSpoofOnly,7,0.05,1,3,UnKnown_P,0
504,2,2,LOO_SGS8,8,2,0,0,0.0,0.0,0.0,0.0,1.0,1.0,BeforeSplit,TradAugSpoofOnly,7,0.3,2,2,LOO_SGS8,2
505,2,1,LOO_SGS8,8,2,0,0,0.0,0.0,0.0,0.0,1.0,1.0,BeforeSplit,TradAugSpoofOnly,7,0.3,2,2,LOO_SGS8,1
506,2,0,LOO_SGS8,8,2,0,0,0.0,0.0,0.0,0.0,1.0,1.0,BeforeSplit,TradAugSpoofOnly,7,0.3,2,2,LOO_SGS8,0
507,2,2,LOO_IPP2017,8,4,0,0,0.0,0.0,0.0,0.0,1.0,1.0,BeforeSplit,TradAugSpoofOnly,7,0.2,1,2,LOO_IPP2017,2
508,2,1,LOO_IPP2017,8,4,0,0,0.0,0.0,0.0,0.0,1.0,1.0,BeforeSplit,TradAugSpoofOnly,7,0.2,1,2,LOO_IPP2017,1
509,2,0,LOO_IPP2017,7,4,0,1,0.0,0.125,0.0625,0.1111111111111111,1.1111111111111112,0.9375,BeforeSplit,TradAugSpoofOnly,7,0.2,1,2,LOO_IPP2017,0
510,2,2,LOO_IP7P,8,4,0,0,0.0,0.0,0.0,0.0,1.0,1.0,BeforeSplit,TradAugSpoofOnly,7,0.2,1,2,LOO_IP7P,2
511,2,1,LOO_IP7P,8,4,0,0,0.0,0.0,0.0,0.0,1.0,1.0,BeforeSplit,TradAugSpoofOnly,7,0.2,1,2,LOO_IP7P,1
512,2,0,LOO_IP7P,8,4,0,0,0.0,0.0,0.0,0.0,1.0,1.0,BeforeSplit,TradAugSpoofOnly,7,0.2,1,2,LOO_IP7P,0
513,2,2,LOO_IPP2017,8,4,0,0,0.0,0.0,0.0,0.0,1.0,1.0,BeforeSplit,TradAugSpoofOnly,7,0.2,2,2,LOO_IPP2017,2
514,2,1,LOO_IPP2017,8,4,0,0,0.0,0.0,0.0,0.0,1.0,1.0,BeforeSplit,TradAugSpoofOnly,7,0.2,2,2,LOO_IPP2017,1
515,2,0,LOO_IPP2017,8,4,0,0,0.0,0.0,0.0,0.0,1.0,1.0,BeforeSplit,TradAugSpoofOnly,7,0.2,2,2,LOO_IPP2017,0
516,2,2,LOO_SGS8,8,2,0,0,0.0,0.0,0.0,0.0,1.0,1.0,BeforeSplit,TradAugSpoofOnly,7,0.1,1,2,LOO_SGS8,2
517,2,1,LOO_SGS8,8,2,0,0,0.0,0.0,0.0,0.0,1.0,1.0,BeforeSplit,TradAugSpoofOnly,7,0.1,1,2,LOO_SGS8,1
518,2,0,LOO_SGS8,8,2,0,0,0.0,0.0,0.0,0.0,1.0,1.0,BeforeSplit,TradAugSpoofOnly,7,0.1,1,2,LOO_SGS8,0
519,2,2,LOO_SGS8,8,2,0,0,0.0,0.0,0.0,0.0,1.0,1.0,BeforeSplit,TradAugSpoofOnly,7,0.3,1,2,LOO_SGS8,2
520,2,1,LOO_SGS8,8,2,0,0,0.0,0.0,0.0,0.0,1.0,1.0,BeforeSplit,TradAugSpoofOnly,7,0.3,1,2,LOO_SGS8,1
521,2,0,LOO_SGS8,8,2,0,0,0.0,0.0,0.0,0.0,1.0,1.0,BeforeSplit,TradAugSpoofOnly,7,0.3,1,2,LOO_SGS8,0
522,3,2,UnKnown_R,8,12,2,0,0.14285714285714285,0.0,0.07142857142857142,0.12500000000000006,0.875,0.9285714285714286,BeforeSplit,TradAugSpoofOnly,7,0.1,1,3,UnKnown_R,2
523,3,1,UnKnown_R,8,12,2,0,0.14285714285714285,0.0,0.07142857142857142,0.12500000000000006,0.875,0.9285714285714286,BeforeSplit,TradAugSpoofOnly,7,0.1,1,3,UnKnown_R,1
524,3,0,UnKnown_R,8,14,0,0,0.0,0.0,0.0,0.0,1.0,1.0,BeforeSplit,TradAugSpoofOnly,7,0.1,1,3,UnKnown_R,0
525,3,2,UnKnown_P,8,4,0,0,0.0,0.0,0.0,0.0,1.0,1.0,BeforeSplit,TradAugSpoofOnly,7,0.3,2,3,UnKnown_P,2
526,3,1,UnKnown_P,8,4,0,0,0.0,0.0,0.0,0.0,1.0,1.0,BeforeSplit,TradAugSpoofOnly,7,0.3,2,3,UnKnown_P,1
527,3,0,UnKnown_P,8,4,0,0,0.0,0.0,0.0,0.0,1.0,1.0,BeforeSplit,TradAugSpoofOnly,7,0.3,2,3,UnKnown_P,0
528,2,2,LOO_IP7P,8,4,0,0,0.0,0.0,0.0,0.0,1.0,1.0,BeforeSplit,TradAugSpoofOnly,7,0.1,2,2,LOO_IP7P,2
529,2,1,LOO_IP7P,8,4,0,0,0.0,0.0,0.0,0.0,1.0,1.0,BeforeSplit,TradAugSpoofOnly,7,0.1,2,2,LOO_IP7P,1
530,2,0,LOO_IP7P,8,4,0,0,0.0,0.0,0.0,0.0,1.0,1.0,BeforeSplit,TradAugSpoofOnly,7,0.1,2,2,LOO_IP7P,0
531,3,2,UnKnown_R,8,13,1,0,0.07142857142857142,0.0,0.03571428571428571,0.06666666666666664,0.9333333333333333,0.9642857142857143,BeforeSplit,TradAugSpoofOnly,7,0.05,2,3,UnKnown_R,2
532,3,1,UnKnown_R,8,13,1,0,0.07142857142857142,0.0,0.03571428571428571,0.06666666666666664,0.9333333333333333,0.9642857142857143,BeforeSplit,TradAugSpoofOnly,7,0.05,2,3,UnKnown_R,1
533,3,0,UnKnown_R,8,13,1,0,0.07142857142857142,0.0,0.03571428571428571,0.06666666666666664,0.9333333333333333,0.9642857142857143,BeforeSplit,TradAugSpoofOnly,7,0.05,2,3,UnKnown_R,0
534,2,2,LOO_IP7P,8,4,0,0,0.0,0.0,0.0,0.0,1.0,1.0,BeforeSplit,TradAugSpoofOnly,7,0.3,1,2,LOO_IP7P,2
535,2,1,LOO_IP7P,8,4,0,0,0.0,0.0,0.0,0.0,1.0,1.0,BeforeSplit,TradAugSpoofOnly,7,0.3,1,2,LOO_IP7P,1
536,2,0,LOO_IP7P,8,4,0,0,0.0,0.0,0.0,0.0,1.0,1.0,BeforeSplit,TradAugSpoofOnly,7,0.3,1,2,LOO_IP7P,0
537,3,2,UnKnown_P,8,4,0,0,0.0,0.0,0.0,0.0,1.0,1.0,BeforeSplit,TradAugSpoofOnly,7,0.1,1,3,UnKnown_P,2
538,3,1,UnKnown_P,8,4,0,0,0.0,0.0,0.0,0.0,1.0,1.0,BeforeSplit,TradAugSpoofOnly,7,0.1,1,3,UnKnown_P,1
539,3,0,UnKnown_P,8,4,0,0,0.0,0.0,0.0,0.0,1.0,1.0,BeforeSplit,TradAugSpoofOnly,7,0.1,1,3,UnKnown_P,0
540,2,2,LOO_SGS8,8,2,0,0,0.0,0.0,0.0,0.0,1.0,1.0,BeforeSplit,TradAugSpoofOnly,7,0.05,2,2,LOO_SGS8,2
541,2,1,LOO_SGS8,7,2,0,1,0.0,0.125,0.0625,0.1111111111111111,1.1111111111111112,0.9375,BeforeSplit,TradAugSpoofOnly,7,0.05,2,2,LOO_SGS8,1
542,2,0,LOO_SGS8,8,2,0,0,0.0,0.0,0.0,0.0,1.0,1.0,BeforeSplit,TradAugSpoofOnly,7,0.05,2,2,LOO_SGS8,0
543,3,2,UnKnown_P,8,4,0,0,0.0,0.0,0.0,0.0,1.0,1.0,BeforeSplit,TradAugSpoofOnly,7,0.1,2,3,UnKnown_P,2
544,3,1,UnKnown_P,7,4,0,1,0.0,0.125,0.0625,0.1111111111111111,1.1111111111111112,0.9375,BeforeSplit,TradAugSpoofOnly,7,0.1,2,3,UnKnown_P,1
545,3,0,UnKnown_P,8,4,0,0,0.0,0.0,0.0,0.0,1.0,1.0,BeforeSplit,TradAugSpoofOnly,7,0.1,2,3,UnKnown_P,0
546,2,2,LOO_ASUS,8,4,0,0,0.0,0.0,0.0,0.0,1.0,1.0,BeforeSplit,TradAugSpoofOnly,7,0.3,1,2,LOO_ASUS,2
547,2,1,LOO_ASUS,8,4,0,0,0.0,0.0,0.0,0.0,1.0,1.0,BeforeSplit,TradAugSpoofOnly,7,0.3,1,2,LOO_ASUS,1
548,2,0,LOO_ASUS,8,4,0,0,0.0,0.0,0.0,0.0,1.0,1.0,BeforeSplit,TradAugSpoofOnly,7,0.3,1,2,LOO_ASUS,0
549,2,2,LOO_ASUS,8,4,0,0,0.0,0.0,0.0,0.0,1.0,1.0,BeforeSplit,TradAugSpoofOnly,7,0.05,1,2,LOO_ASUS,2
550,2,1,LOO_ASUS,8,4,0,0,0.0,0.0,0.0,0.0,1.0,1.0,BeforeSplit,TradAugSpoofOnly,7,0.05,1,2,LOO_ASUS,1
551,2,0,LOO_ASUS,8,4,0,0,0.0,0.0,0.0,0.0,1.0,1.0,BeforeSplit,TradAugSpoofOnly,7,0.05,1,2,LOO_ASUS,0
552,2,2,LOO_SGS8,8,2,0,0,0.0,0.0,0.0,0.0,1.0,1.0,BeforeSplit,TradAugSpoofOnly,7,0.2,1,2,LOO_SGS8,2
553,2,1,LOO_SGS8,8,2,0,0,0.0,0.0,0.0,0.0,1.0,1.0,BeforeSplit,TradAugSpoofOnly,7,0.2,1,2,LOO_SGS8,1
554,2,0,LOO_SGS8,8,2,0,0,0.0,0.0,0.0,0.0,1.0,1.0,BeforeSplit,TradAugSpoofOnly,7,0.2,1,2,LOO_SGS8,0
555,2,2,LOO_IP7P,8,4,0,0,0.0,0.0,0.0,0.0,1.0,1.0,BeforeSplit,TradAugSpoofOnly,7,0.05,1,2,LOO_IP7P,2
556,2,1,LOO_IP7P,8,4,0,0,0.0,0.0,0.0,0.0,1.0,1.0,BeforeSplit,TradAugSpoofOnly,7,0.05,1,2,LOO_IP7P,1
557,2,0,LOO_IP7P,8,4,0,0,0.0,0.0,0.0,0.0,1.0,1.0,BeforeSplit,TradAugSpoofOnly,7,0.05,1,2,LOO_IP7P,0
558,2,2,LOO_IP7P,7,4,0,1,0.0,0.125,0.0625,0.1111111111111111,1.1111111111111112,0.9375,BeforeSplit,TradAugSpoofOnly,7,0.3,2,2,LOO_IP7P,2
559,2,1,LOO_IP7P,8,4,0,0,0.0,0.0,0.0,0.0,1.0,1.0,BeforeSplit,TradAugSpoofOnly,7,0.3,2,2,LOO_IP7P,1
560,2,0,LOO_IP7P,8,4,0,0,0.0,0.0,0.0,0.0,1.0,1.0,BeforeSplit,TradAugSpoofOnly,7,0.3,2,2,LOO_IP7P,0
561,2,2,LOO_IPP2017,8,4,0,0,0.0,0.0,0.0,0.0,1.0,1.0,BeforeSplit,TradAugSpoofOnly,7,0.3,1,2,LOO_IPP2017,2
562,2,1,LOO_IPP2017,8,4,0,0,0.0,0.0,0.0,0.0,1.0,1.0,BeforeSplit,TradAugSpoofOnly,7,0.3,1,2,LOO_IPP2017,1
563,2,0,LOO_IPP2017,8,4,0,0,0.0,0.0,0.0,0.0,1.0,1.0,BeforeSplit,TradAugSpoofOnly,7,0.3,1,2,LOO_IPP2017,0
564,2,2,LOO_ASUS,8,4,0,0,0.0,0.0,0.0,0.0,1.0,1.0,BeforeSplit,TradAugSpoofOnly,7,0.2,1,2,LOO_ASUS,2
565,2,1,LOO_ASUS,8,4,0,0,0.0,0.0,0.0,0.0,1.0,1.0,BeforeSplit,TradAugSpoofOnly,7,0.2,1,2,LOO_ASUS,1
566,2,0,LOO_ASUS,8,4,0,0,0.0,0.0,0.0,0.0,1.0,1.0,BeforeSplit,TradAugSpoofOnly,7,0.2,1,2,LOO_ASUS,0
567,3,2,UnKnown_R,8,12,2,0,0.14285714285714285,0.0,0.07142857142857142,0.12500000000000006,0.875,0.9285714285714286,BeforeSplit,TradAugSpoofOnly,7,0.05,1,3,UnKnown_R,2
568,3,1,UnKnown_R,8,13,1,0,0.07142857142857142,0.0,0.03571428571428571,0.06666666666666664,0.9333333333333333,0.9642857142857143,BeforeSplit,TradAugSpoofOnly,7,0.05,1,3,UnKnown_R,1
569,3,0,UnKnown_R,8,13,1,0,0.07142857142857142,0.0,0.03571428571428571,0.06666666666666664,0.9333333333333333,0.9642857142857143,BeforeSplit,TradAugSpoofOnly,7,0.05,1,3,UnKnown_R,0
570,3,2,UnKnown_P,8,4,0,0,0.0,0.0,0.0,0.0,1.0,1.0,BeforeSplit,TradAugSpoofOnly,7,0.3,1,3,UnKnown_P,2
571,3,1,UnKnown_P,8,4,0,0,0.0,0.0,0.0,0.0,1.0,1.0,BeforeSplit,TradAugSpoofOnly,7,0.3,1,3,UnKnown_P,1
572,3,0,UnKnown_P,8,4,0,0,0.0,0.0,0.0,0.0,1.0,1.0,BeforeSplit,TradAugSpoofOnly,7,0.3,1,3,UnKnown_P,0
573,2,2,LOO_SGS8,8,2,0,0,0.0,0.0,0.0,0.0,1.0,1.0,BeforeSplit,TradAugSpoofOnly,7,0.05,1,2,LOO_SGS8,2
574,2,1,LOO_SGS8,8,2,0,0,0.0,0.0,0.0,0.0,1.0,1.0,BeforeSplit,TradAugSpoofOnly,7,0.05,1,2,LOO_SGS8,1
575,2,0,LOO_SGS8,8,2,0,0,0.0,0.0,0.0,0.0,1.0,1.0,BeforeSplit,TradAugSpoofOnly,7,0.05,1,2,LOO_SGS8,0
576,3,2,UnKnown_R,8,14,0,0,0.0,0.0,0.0,0.0,1.0,1.0,BeforeSplit,TradAugSpoofOnly,7,0.3,2,3,UnKnown_R,2
577,3,1,UnKnown_R,8,12,2,0,0.14285714285714285,0.0,0.07142857142857142,0.12500000000000006,0.875,0.9285714285714286,BeforeSplit,TradAugSpoofOnly,7,0.3,2,3,UnKnown_R,1
578,3,0,UnKnown_R,8,12,2,0,0.14285714285714285,0.0,0.07142857142857142,0.12500000000000006,0.875,0.9285714285714286,BeforeSplit,TradAugSpoofOnly,7,0.3,2,3,UnKnown_R,0
579,2,2,LOO_IP7P,8,4,0,0,0.0,0.0,0.0,0.0,1.0,1.0,BeforeSplit,TradAugSpoofOnly,7,0.2,2,2,LOO_IP7P,2
580,2,1,LOO_IP7P,8,4,0,0,0.0,0.0,0.0,0.0,1.0,1.0,BeforeSplit,TradAugSpoofOnly,7,0.2,2,2,LOO_IP7P,1
581,2,0,LOO_IP7P,8,4,0,0,0.0,0.0,0.0,0.0,1.0,1.0,BeforeSplit,TradAugSpoofOnly,7,0.2,2,2,LOO_IP7P,0
582,3,2,UnKnown_R,8,12,2,0,0.14285714285714285,0.0,0.07142857142857142,0.12500000000000006,0.875,0.9285714285714286,BeforeSplit,TradAugSpoofOnly,7,0.1,2,3,UnKnown_R,2
583,3,1,UnKnown_R,8,13,1,0,0.07142857142857142,0.0,0.03571428571428571,0.06666666666666664,0.9333333333333333,0.9642857142857143,BeforeSplit,TradAugSpoofOnly,7,0.1,2,3,UnKnown_R,1
584,3,0,UnKnown_R,8,13,1,0,0.07142857142857142,0.0,0.03571428571428571,0.06666666666666664,0.9333333333333333,0.9642857142857143,BeforeSplit,TradAugSpoofOnly,7,0.1,2,3,UnKnown_R,0
585,2,2,LOO_IPP2017,8,4,0,0,0.0,0.0,0.0,0.0,1.0,1.0,BeforeSplit,TradAugSpoofOnly,7,0.3,2,2,LOO_IPP2017,2
586,2,1,LOO_IPP2017,8,4,0,0,0.0,0.0,0.0,0.0,1.0,1.0,BeforeSplit,TradAugSpoofOnly,7,0.3,2,2,LOO_IPP2017,1
587,2,0,LOO_IPP2017,8,4,0,0,0.0,0.0,0.0,0.0,1.0,1.0,BeforeSplit,TradAugSpoofOnly,7,0.3,2,2,LOO_IPP2017,0
588,2,2,LOO_ASUS,8,4,0,0,0.0,0.0,0.0,0.0,1.0,1.0,BeforeSplit,TradAugSpoofOnly,7,0.05,2,2,LOO_ASUS,2
589,2,1,LOO_ASUS,8,4,0,0,0.0,0.0,0.0,0.0,1.0,1.0,BeforeSplit,TradAugSpoofOnly,7,0.05,2,2,LOO_ASUS,1
590,2,0,LOO_ASUS,8,4,0,0,0.0,0.0,0.0,0.0,1.0,1.0,BeforeSplit,TradAugSpoofOnly,7,0.05,2,2,LOO_ASUS,0
591,2,2,LOO_IP7P,8,4,0,0,0.0,0.0,0.0,0.0,1.0,1.0,BeforeSplit,TradAugSpoofOnly,7,0.1,1,2,LOO_IP7P,2
592,2,1,LOO_IP7P,8,4,0,0,0.0,0.0,0.0,0.0,1.0,1.0,BeforeSplit,TradAugSpoofOnly,7,0.1,1,2,LOO_IP7P,1
593,2,0,LOO_IP7P,8,4,0,0,0.0,0.0,0.0,0.0,1.0,1.0,BeforeSplit,TradAugSpoofOnly,7,0.1,1,2,LOO_IP7P,0
594,2,2,LOO_SGS8,8,2,0,0,0.0,0.0,0.0,0.0,1.0,1.0,BeforeSplit,TradAugSpoofOnly,7,0.1,2,2,LOO_SGS8,2
595,2,1,LOO_SGS8,8,2,0,0,0.0,0.0,0.0,0.0,1.0,1.0,BeforeSplit,TradAugSpoofOnly,7,0.1,2,2,LOO_SGS8,1
596,2,0,LOO_SGS8,8,2,0,0,0.0,0.0,0.0,0.0,1.0,1.0,BeforeSplit,TradAugSpoofOnly,7,0.1,2,2,LOO_SGS8,0
597,2,2,LOO_IPP2017,8,4,0,0,0.0,0.0,0.0,0.0,1.0,1.0,BeforeSplit,TradAugSpoofOnly,7,0.1,2,2,LOO_IPP2017,2
598,2,1,LOO_IPP2017,8,4,0,0,0.0,0.0,0.0,0.0,1.0,1.0,BeforeSplit,TradAugSpoofOnly,7,0.1,2,2,LOO_IPP2017,1
599,2,0,LOO_IPP2017,8,4,0,0,0.0,0.0,0.0,0.0,1.0,1.0,BeforeSplit,TradAugSpoofOnly,7,0.1,2,2,LOO_IPP2017,0
600,2,2,LOO_IPP2017,8,4,0,0,0.0,0.0,0.0,0.0,1.0,1.0,BeforeSplit,TradAugSpoofOnly,7,0.05,2,2,LOO_IPP2017,2
601,2,1,LOO_IPP2017,8,4,0,0,0.0,0.0,0.0,0.0,1.0,1.0,BeforeSplit,TradAugSpoofOnly,7,0.05,2,2,LOO_IPP2017,1
602,2,0,LOO_IPP2017,8,4,0,0,0.0,0.0,0.0,0.0,1.0,1.0,BeforeSplit,TradAugSpoofOnly,7,0.05,2,2,LOO_IPP2017,0
603,3,2,UnKnown_P,8,4,0,0,0.0,0.0,0.0,0.0,1.0,1.0,BeforeSplit,TradAugSpoofOnly,7,0.05,2,3,UnKnown_P,2
604,3,1,UnKnown_P,8,4,0,0,0.0,0.0,0.0,0.0,1.0,1.0,BeforeSplit,TradAugSpoofOnly,7,0.05,2,3,UnKnown_P,1
605,3,0,UnKnown_P,8,4,0,0,0.0,0.0,0.0,0.0,1.0,1.0,BeforeSplit,TradAugSpoofOnly,7,0.05,2,3,UnKnown_P,0
606,2,2,LOO_SGS8,8,2,0,0,0.0,0.0,0.0,0.0,1.0,1.0,BeforeSplit,TradAugSpoofOnly,7,0.2,2,2,LOO_SGS8,2
607,2,1,LOO_SGS8,8,2,0,0,0.0,0.0,0.0,0.0,1.0,1.0,BeforeSplit,TradAugSpoofOnly,7,0.2,2,2,LOO_SGS8,1
608,2,0,LOO_SGS8,8,2,0,0,0.0,0.0,0.0,0.0,1.0,1.0,BeforeSplit,TradAugSpoofOnly,7,0.2,2,2,LOO_SGS8,0
609,2,2,LOO_IP7P,8,4,0,0,0.0,0.0,0.0,0.0,1.0,1.0,BeforeSplit,TradAugSpoofOnly,7,0.05,2,2,LOO_IP7P,2
610,2,1,LOO_IP7P,8,4,0,0,0.0,0.0,0.0,0.0,1.0,1.0,BeforeSplit,TradAugSpoofOnly,7,0.05,2,2,LOO_IP7P,1
611,2,0,LOO_IP7P,8,4,0,0,0.0,0.0,0.0,0.0,1.0,1.0,BeforeSplit,TradAugSpoofOnly,7,0.05,2,2,LOO_IP7P,0
612,3,2,UnKnown_R,8,12,2,0,0.14285714285714285,0.0,0.07142857142857142,0.12500000000000006,0.875,0.9285714285714286,AfterSplit,GenAugSpoofOnly_KF,7,0.3,2,3,UnKnown_R,2
613,3,1,UnKnown_R,8,14,0,0,0.0,0.0,0.0,0.0,1.0,1.0,AfterSplit,GenAugSpoofOnly_KF,7,0.3,2,3,UnKnown_R,1
614,3,0,UnKnown_R,8,14,0,0,0.0,0.0,0.0,0.0,1.0,1.0,AfterSplit,GenAugSpoofOnly_KF,7,0.3,2,3,UnKnown_R,0
615,2,2,LOO_IPP2017,8,4,0,0,0.0,0.0,0.0,0.0,1.0,1.0,AfterSplit,GenAugSpoofOnly_KF,7,0.2,2,2,LOO_IPP2017,2
616,2,1,LOO_IPP2017,8,4,0,0,0.0,0.0,0.0,0.0,1.0,1.0,AfterSplit,GenAugSpoofOnly_KF,7,0.2,2,2,LOO_IPP2017,1
617,2,0,LOO_IPP2017,8,4,0,0,0.0,0.0,0.0,0.0,1.0,1.0,AfterSplit,GenAugSpoofOnly_KF,7,0.2,2,2,LOO_IPP2017,0
618,2,2,LOO_IP7P,8,4,0,0,0.0,0.0,0.0,0.0,1.0,1.0,AfterSplit,GenAugSpoofOnly_KF,7,0.2,2,2,LOO_IP7P,2
619,2,1,LOO_IP7P,8,4,0,0,0.0,0.0,0.0,0.0,1.0,1.0,AfterSplit,GenAugSpoofOnly_KF,7,0.2,2,2,LOO_IP7P,1
620,2,0,LOO_IP7P,8,4,0,0,0.0,0.0,0.0,0.0,1.0,1.0,AfterSplit,GenAugSpoofOnly_KF,7,0.2,2,2,LOO_IP7P,0
621,3,2,UnKnown_P,8,4,0,0,0.0,0.0,0.0,0.0,1.0,1.0,AfterSplit,GenAugSpoofOnly_KF,7,0.05,2,3,UnKnown_P,2
622,3,1,UnKnown_P,8,3,1,0,0.25,0.0,0.125,0.2,0.8,0.875,AfterSplit,GenAugSpoofOnly_KF,7,0.05,2,3,UnKnown_P,1
623,3,0,UnKnown_P,8,4,0,0,0.0,0.0,0.0,0.0,1.0,1.0,AfterSplit,GenAugSpoofOnly_KF,7,0.05,2,3,UnKnown_P,0
624,2,2,LOO_IP7P,8,4,0,0,0.0,0.0,0.0,0.0,1.0,1.0,AfterSplit,GenAugSpoofOnly_KF,7,0.3,1,2,LOO_IP7P,2
625,2,1,LOO_IP7P,8,4,0,0,0.0,0.0,0.0,0.0,1.0,1.0,AfterSplit,GenAugSpoofOnly_KF,7,0.3,1,2,LOO_IP7P,1
626,2,0,LOO_IP7P,8,4,0,0,0.0,0.0,0.0,0.0,1.0,1.0,AfterSplit,GenAugSpoofOnly_KF,7,0.3,1,2,LOO_IP7P,0
627,2,2,LOO_IP7P,8,4,0,0,0.0,0.0,0.0,0.0,1.0,1.0,AfterSplit,GenAugSpoofOnly_KF,7,0.1,1,2,LOO_IP7P,2
628,2,1,LOO_IP7P,8,4,0,0,0.0,0.0,0.0,0.0,1.0,1.0,AfterSplit,GenAugSpoofOnly_KF,7,0.1,1,2,LOO_IP7P,1
629,2,0,LOO_IP7P,8,4,0,0,0.0,0.0,0.0,0.0,1.0,1.0,AfterSplit,GenAugSpoofOnly_KF,7,0.1,1,2,LOO_IP7P,0
630,2,2,LOO_SGS8,8,2,0,0,0.0,0.0,0.0,0.0,1.0,1.0,AfterSplit,GenAugSpoofOnly_KF,7,0.1,2,2,LOO_SGS8,2
631,2,1,LOO_SGS8,8,2,0,0,0.0,0.0,0.0,0.0,1.0,1.0,AfterSplit,GenAugSpoofOnly_KF,7,0.1,2,2,LOO_SGS8,1
632,2,0,LOO_SGS8,8,2,0,0,0.0,0.0,0.0,0.0,1.0,1.0,AfterSplit,GenAugSpoofOnly_KF,7,0.1,2,2,LOO_SGS8,0
633,3,2,UnKnown_R,8,13,1,0,0.07142857142857142,0.0,0.03571428571428571,0.06666666666666664,0.9333333333333333,0.9642857142857143,AfterSplit,GenAugSpoofOnly_KF,7,0.3,1,3,UnKnown_R,2
634,3,1,UnKnown_R,8,13,1,0,0.07142857142857142,0.0,0.03571428571428571,0.06666666666666664,0.9333333333333333,0.9642857142857143,AfterSplit,GenAugSpoofOnly_KF,7,0.3,1,3,UnKnown_R,1
635,3,0,UnKnown_R,8,14,0,0,0.0,0.0,0.0,0.0,1.0,1.0,AfterSplit,GenAugSpoofOnly_KF,7,0.3,1,3,UnKnown_R,0
636,2,2,LOO_ASUS,8,4,0,0,0.0,0.0,0.0,0.0,1.0,1.0,AfterSplit,GenAugSpoofOnly_KF,7,0.3,1,2,LOO_ASUS,2
637,2,1,LOO_ASUS,8,4,0,0,0.0,0.0,0.0,0.0,1.0,1.0,AfterSplit,GenAugSpoofOnly_KF,7,0.3,1,2,LOO_ASUS,1
638,2,0,LOO_ASUS,8,4,0,0,0.0,0.0,0.0,0.0,1.0,1.0,AfterSplit,GenAugSpoofOnly_KF,7,0.3,1,2,LOO_ASUS,0
639,2,2,LOO_SGS8,8,2,0,0,0.0,0.0,0.0,0.0,1.0,1.0,AfterSplit,GenAugSpoofOnly_KF,7,0.3,2,2,LOO_SGS8,2
640,2,1,LOO_SGS8,8,2,0,0,0.0,0.0,0.0,0.0,1.0,1.0,AfterSplit,GenAugSpoofOnly_KF,7,0.3,2,2,LOO_SGS8,1
641,2,0,LOO_SGS8,8,2,0,0,0.0,0.0,0.0,0.0,1.0,1.0,AfterSplit,GenAugSpoofOnly_KF,7,0.3,2,2,LOO_SGS8,0
642,2,2,LOO_ASUS,8,4,0,0,0.0,0.0,0.0,0.0,1.0,1.0,AfterSplit,GenAugSpoofOnly_KF,7,0.05,1,2,LOO_ASUS,2
643,2,1,LOO_ASUS,8,4,0,0,0.0,0.0,0.0,0.0,1.0,1.0,AfterSplit,GenAugSpoofOnly_KF,7,0.05,1,2,LOO_ASUS,1
644,2,0,LOO_ASUS,8,4,0,0,0.0,0.0,0.0,0.0,1.0,1.0,AfterSplit,GenAugSpoofOnly_KF,7,0.05,1,2,LOO_ASUS,0
645,2,2,LOO_IP7P,8,4,0,0,0.0,0.0,0.0,0.0,1.0,1.0,AfterSplit,GenAugSpoofOnly_KF,7,0.2,1,2,LOO_IP7P,2
646,2,1,LOO_IP7P,8,4,0,0,0.0,0.0,0.0,0.0,1.0,1.0,AfterSplit,GenAugSpoofOnly_KF,7,0.2,1,2,LOO_IP7P,1
647,2,0,LOO_IP7P,8,4,0,0,0.0,0.0,0.0,0.0,1.0,1.0,AfterSplit,GenAugSpoofOnly_KF,7,0.2,1,2,LOO_IP7P,0
648,2,2,LOO_IP7P,8,4,0,0,0.0,0.0,0.0,0.0,1.0,1.0,AfterSplit,GenAugSpoofOnly_KF,7,0.05,1,2,LOO_IP7P,2
649,2,1,LOO_IP7P,8,4,0,0,0.0,0.0,0.0,0.0,1.0,1.0,AfterSplit,GenAugSpoofOnly_KF,7,0.05,1,2,LOO_IP7P,1
650,2,0,LOO_IP7P,8,4,0,0,0.0,0.0,0.0,0.0,1.0,1.0,AfterSplit,GenAugSpoofOnly_KF,7,0.05,1,2,LOO_IP7P,0
651,3,2,UnKnown_P,8,4,0,0,0.0,0.0,0.0,0.0,1.0,1.0,AfterSplit,GenAugSpoofOnly_KF,7,0.3,2,3,UnKnown_P,2
652,3,1,UnKnown_P,8,4,0,0,0.0,0.0,0.0,0.0,1.0,1.0,AfterSplit,GenAugSpoofOnly_KF,7,0.3,2,3,UnKnown_P,1
653,3,0,UnKnown_P,8,4,0,0,0.0,0.0,0.0,0.0,1.0,1.0,AfterSplit,GenAugSpoofOnly_KF,7,0.3,2,3,UnKnown_P,0
654,3,2,UnKnown_R,8,14,0,0,0.0,0.0,0.0,0.0,1.0,1.0,AfterSplit,GenAugSpoofOnly_KF,7,0.2,2,3,UnKnown_R,2
655,3,1,UnKnown_R,8,14,0,0,0.0,0.0,0.0,0.0,1.0,1.0,AfterSplit,GenAugSpoofOnly_KF,7,0.2,2,3,UnKnown_R,1
656,3,0,UnKnown_R,8,13,1,0,0.07142857142857142,0.0,0.03571428571428571,0.06666666666666664,0.9333333333333333,0.9642857142857143,AfterSplit,GenAugSpoofOnly_KF,7,0.2,2,3,UnKnown_R,0
657,2,2,LOO_IPP2017,8,4,0,0,0.0,0.0,0.0,0.0,1.0,1.0,AfterSplit,GenAugSpoofOnly_KF,7,0.3,2,2,LOO_IPP2017,2
658,2,1,LOO_IPP2017,8,4,0,0,0.0,0.0,0.0,0.0,1.0,1.0,AfterSplit,GenAugSpoofOnly_KF,7,0.3,2,2,LOO_IPP2017,1
659,2,0,LOO_IPP2017,8,4,0,0,0.0,0.0,0.0,0.0,1.0,1.0,AfterSplit,GenAugSpoofOnly_KF,7,0.3,2,2,LOO_IPP2017,0
660,2,2,LOO_ASUS,8,4,0,0,0.0,0.0,0.0,0.0,1.0,1.0,AfterSplit,GenAugSpoofOnly_KF,7,0.1,2,2,LOO_ASUS,2
661,2,1,LOO_ASUS,8,4,0,0,0.0,0.0,0.0,0.0,1.0,1.0,AfterSplit,GenAugSpoofOnly_KF,7,0.1,2,2,LOO_ASUS,1
662,2,0,LOO_ASUS,8,4,0,0,0.0,0.0,0.0,0.0,1.0,1.0,AfterSplit,GenAugSpoofOnly_KF,7,0.1,2,2,LOO_ASUS,0
663,3,2,UnKnown_R,8,14,0,0,0.0,0.0,0.0,0.0,1.0,1.0,AfterSplit,GenAugSpoofOnly_KF,7,0.2,1,3,UnKnown_R,2
664,3,1,UnKnown_R,8,13,1,0,0.07142857142857142,0.0,0.03571428571428571,0.06666666666666664,0.9333333333333333,0.9642857142857143,AfterSplit,GenAugSpoofOnly_KF,7,0.2,1,3,UnKnown_R,1
665,3,0,UnKnown_R,8,14,0,0,0.0,0.0,0.0,0.0,1.0,1.0,AfterSplit,GenAugSpoofOnly_KF,7,0.2,1,3,UnKnown_R,0
666,2,2,LOO_IPP2017,8,4,0,0,0.0,0.0,0.0,0.0,1.0,1.0,AfterSplit,GenAugSpoofOnly_KF,7,0.05,1,2,LOO_IPP2017,2
667,2,1,LOO_IPP2017,8,4,0,0,0.0,0.0,0.0,0.0,1.0,1.0,AfterSplit,GenAugSpoofOnly_KF,7,0.05,1,2,LOO_IPP2017,1
668,2,0,LOO_IPP2017,8,4,0,0,0.0,0.0,0.0,0.0,1.0,1.0,AfterSplit,GenAugSpoofOnly_KF,7,0.05,1,2,LOO_IPP2017,0
669,2,2,LOO_ASUS,8,4,0,0,0.0,0.0,0.0,0.0,1.0,1.0,AfterSplit,GenAugSpoofOnly_KF,7,0.2,1,2,LOO_ASUS,2
670,2,1,LOO_ASUS,8,4,0,0,0.0,0.0,0.0,0.0,1.0,1.0,AfterSplit,GenAugSpoofOnly_KF,7,0.2,1,2,LOO_ASUS,1
671,2,0,LOO_ASUS,8,4,0,0,0.0,0.0,0.0,0.0,1.0,1.0,AfterSplit,GenAugSpoofOnly_KF,7,0.2,1,2,LOO_ASUS,0
672,3,2,UnKnown_R,8,11,3,0,0.21428571428571427,0.0,0.10714285714285714,0.1764705882352941,0.8235294117647058,0.8928571428571428,AfterSplit,GenAugSpoofOnly_KF,7,0.1,2,3,UnKnown_R,2
673,3,1,UnKnown_R,8,13,1,0,0.07142857142857142,0.0,0.03571428571428571,0.06666666666666664,0.9333333333333333,0.9642857142857143,AfterSplit,GenAugSpoofOnly_KF,7,0.1,2,3,UnKnown_R,1
674,3,0,UnKnown_R,8,13,1,0,0.07142857142857142,0.0,0.03571428571428571,0.06666666666666664,0.9333333333333333,0.9642857142857143,AfterSplit,GenAugSpoofOnly_KF,7,0.1,2,3,UnKnown_R,0
675,3,2,UnKnown_P,8,4,0,0,0.0,0.0,0.0,0.0,1.0,1.0,AfterSplit,GenAugSpoofOnly_KF,7,0.1,2,3,UnKnown_P,2
676,3,1,UnKnown_P,8,4,0,0,0.0,0.0,0.0,0.0,1.0,1.0,AfterSplit,GenAugSpoofOnly_KF,7,0.1,2,3,UnKnown_P,1
677,3,0,UnKnown_P,8,4,0,0,0.0,0.0,0.0,0.0,1.0,1.0,AfterSplit,GenAugSpoofOnly_KF,7,0.1,2,3,UnKnown_P,0
678,3,2,UnKnown_P,7,4,0,1,0.0,0.125,0.0625,0.1111111111111111,1.1111111111111112,0.9375,AfterSplit,GenAugSpoofOnly_KF,7,0.1,1,3,UnKnown_P,2
679,3,1,UnKnown_P,8,4,0,0,0.0,0.0,0.0,0.0,1.0,1.0,AfterSplit,GenAugSpoofOnly_KF,7,0.1,1,3,UnKnown_P,1
680,3,0,UnKnown_P,8,4,0,0,0.0,0.0,0.0,0.0,1.0,1.0,AfterSplit,GenAugSpoofOnly_KF,7,0.1,1,3,UnKnown_P,0
681,3,2,UnKnown_P,8,4,0,0,0.0,0.0,0.0,0.0,1.0,1.0,AfterSplit,GenAugSpoofOnly_KF,7,0.05,1,3,UnKnown_P,2
682,3,1,UnKnown_P,8,4,0,0,0.0,0.0,0.0,0.0,1.0,1.0,AfterSplit,GenAugSpoofOnly_KF,7,0.05,1,3,UnKnown_P,1
683,3,0,UnKnown_P,8,4,0,0,0.0,0.0,0.0,0.0,1.0,1.0,AfterSplit,GenAugSpoofOnly_KF,7,0.05,1,3,UnKnown_P,0
684,3,2,UnKnown_P,8,4,0,0,0.0,0.0,0.0,0.0,1.0,1.0,AfterSplit,GenAugSpoofOnly_KF,7,0.2,1,3,UnKnown_P,2
685,3,1,UnKnown_P,8,3,1,0,0.25,0.0,0.125,0.2,0.8,0.875,AfterSplit,GenAugSpoofOnly_KF,7,0.2,1,3,UnKnown_P,1
686,3,0,UnKnown_P,8,4,0,0,0.0,0.0,0.0,0.0,1.0,1.0,AfterSplit,GenAugSpoofOnly_KF,7,0.2,1,3,UnKnown_P,0
687,2,2,LOO_SGS8,8,2,0,0,0.0,0.0,0.0,0.0,1.0,1.0,AfterSplit,GenAugSpoofOnly_KF,7,0.05,2,2,LOO_SGS8,2
688,2,1,LOO_SGS8,8,2,0,0,0.0,0.0,0.0,0.0,1.0,1.0,AfterSplit,GenAugSpoofOnly_KF,7,0.05,2,2,LOO_SGS8,1
689,2,0,LOO_SGS8,8,2,0,0,0.0,0.0,0.0,0.0,1.0,1.0,AfterSplit,GenAugSpoofOnly_KF,7,0.05,2,2,LOO_SGS8,0
690,3,2,UnKnown_P,8,4,0,0,0.0,0.0,0.0,0.0,1.0,1.0,AfterSplit,GenAugSpoofOnly_KF,7,0.2,2,3,UnKnown_P,2
691,3,1,UnKnown_P,8,4,0,0,0.0,0.0,0.0,0.0,1.0,1.0,AfterSplit,GenAugSpoofOnly_KF,7,0.2,2,3,UnKnown_P,1
692,3,0,UnKnown_P,8,4,0,0,0.0,0.0,0.0,0.0,1.0,1.0,AfterSplit,GenAugSpoofOnly_KF,7,0.2,2,3,UnKnown_P,0
693,2,2,LOO_IPP2017,8,4,0,0,0.0,0.0,0.0,0.0,1.0,1.0,AfterSplit,GenAugSpoofOnly_KF,7,0.3,1,2,LOO_IPP2017,2
694,2,1,LOO_IPP2017,8,4,0,0,0.0,0.0,0.0,0.0,1.0,1.0,AfterSplit,GenAugSpoofOnly_KF,7,0.3,1,2,LOO_IPP2017,1
695,2,0,LOO_IPP2017,8,4,0,0,0.0,0.0,0.0,0.0,1.0,1.0,AfterSplit,GenAugSpoofOnly_KF,7,0.3,1,2,LOO_IPP2017,0
696,2,2,LOO_ASUS,8,4,0,0,0.0,0.0,0.0,0.0,1.0,1.0,AfterSplit,GenAugSpoofOnly_KF,7,0.1,1,2,LOO_ASUS,2
697,2,1,LOO_ASUS,8,4,0,0,0.0,0.0,0.0,0.0,1.0,1.0,AfterSplit,GenAugSpoofOnly_KF,7,0.1,1,2,LOO_ASUS,1
698,2,0,LOO_ASUS,8,4,0,0,0.0,0.0,0.0,0.0,1.0,1.0,AfterSplit,GenAugSpoofOnly_KF,7,0.1,1,2,LOO_ASUS,0
699,3,2,UnKnown_R,8,14,0,0,0.0,0.0,0.0,0.0,1.0,1.0,AfterSplit,GenAugSpoofOnly_KF,7,0.05,1,3,UnKnown_R,2
700,3,1,UnKnown_R,8,11,3,0,0.21428571428571427,0.0,0.10714285714285714,0.1764705882352941,0.8235294117647058,0.8928571428571428,AfterSplit,GenAugSpoofOnly_KF,7,0.05,1,3,UnKnown_R,1
701,3,0,UnKnown_R,8,13,1,0,0.07142857142857142,0.0,0.03571428571428571,0.06666666666666664,0.9333333333333333,0.9642857142857143,AfterSplit,GenAugSpoofOnly_KF,7,0.05,1,3,UnKnown_R,0
702,2,2,LOO_ASUS,8,4,0,0,0.0,0.0,0.0,0.0,1.0,1.0,AfterSplit,GenAugSpoofOnly_KF,7,0.2,2,2,LOO_ASUS,2
703,2,1,LOO_ASUS,8,4,0,0,0.0,0.0,0.0,0.0,1.0,1.0,AfterSplit,GenAugSpoofOnly_KF,7,0.2,2,2,LOO_ASUS,1
704,2,0,LOO_ASUS,8,4,0,0,0.0,0.0,0.0,0.0,1.0,1.0,AfterSplit,GenAugSpoofOnly_KF,7,0.2,2,2,LOO_ASUS,0
705,3,2,UnKnown_R,8,14,0,0,0.0,0.0,0.0,0.0,1.0,1.0,AfterSplit,GenAugSpoofOnly_KF,7,0.1,1,3,UnKnown_R,2
706,3,1,UnKnown_R,8,14,0,0,0.0,0.0,0.0,0.0,1.0,1.0,AfterSplit,GenAugSpoofOnly_KF,7,0.1,1,3,UnKnown_R,1
707,3,0,UnKnown_R,8,13,1,0,0.07142857142857142,0.0,0.03571428571428571,0.06666666666666664,0.9333333333333333,0.9642857142857143,AfterSplit,GenAugSpoofOnly_KF,7,0.1,1,3,UnKnown_R,0
708,3,2,UnKnown_P,8,4,0,0,0.0,0.0,0.0,0.0,1.0,1.0,AfterSplit,GenAugSpoofOnly_KF,7,0.3,1,3,UnKnown_P,2
709,3,1,UnKnown_P,8,4,0,0,0.0,0.0,0.0,0.0,1.0,1.0,AfterSplit,GenAugSpoofOnly_KF,7,0.3,1,3,UnKnown_P,1
710,3,0,UnKnown_P,8,4,0,0,0.0,0.0,0.0,0.0,1.0,1.0,AfterSplit,GenAugSpoofOnly_KF,7,0.3,1,3,UnKnown_P,0
711,2,2,LOO_IPP2017,8,4,0,0,0.0,0.0,0.0,0.0,1.0,1.0,AfterSplit,GenAugSpoofOnly_KF,7,0.1,2,2,LOO_IPP2017,2
712,2,1,LOO_IPP2017,8,4,0,0,0.0,0.0,0.0,0.0,1.0,1.0,AfterSplit,GenAugSpoofOnly_KF,7,0.1,2,2,LOO_IPP2017,1
713,2,0,LOO_IPP2017,8,4,0,0,0.0,0.0,0.0,0.0,1.0,1.0,AfterSplit,GenAugSpoofOnly_KF,7,0.1,2,2,LOO_IPP2017,0
714,2,2,LOO_SGS8,8,2,0,0,0.0,0.0,0.0,0.0,1.0,1.0,AfterSplit,GenAugSpoofOnly_KF,7,0.1,1,2,LOO_SGS8,2
715,2,1,LOO_SGS8,8,2,0,0,0.0,0.0,0.0,0.0,1.0,1.0,AfterSplit,GenAugSpoofOnly_KF,7,0.1,1,2,LOO_SGS8,1
716,2,0,LOO_SGS8,8,2,0,0,0.0,0.0,0.0,0.0,1.0,1.0,AfterSplit,GenAugSpoofOnly_KF,7,0.1,1,2,LOO_SGS8,0
717,2,2,LOO_SGS8,8,2,0,0,0.0,0.0,0.0,0.0,1.0,1.0,AfterSplit,GenAugSpoofOnly_KF,7,0.2,1,2,LOO_SGS8,2
718,2,1,LOO_SGS8,8,2,0,0,0.0,0.0,0.0,0.0,1.0,1.0,AfterSplit,GenAugSpoofOnly_KF,7,0.2,1,2,LOO_SGS8,1
719,2,0,LOO_SGS8,8,2,0,0,0.0,0.0,0.0,0.0,1.0,1.0,AfterSplit,GenAugSpoofOnly_KF,7,0.2,1,2,LOO_SGS8,0
720,2,2,LOO_SGS8,8,2,0,0,0.0,0.0,0.0,0.0,1.0,1.0,AfterSplit,GenAugSpoofOnly_KF,7,0.2,2,2,LOO_SGS8,2
721,2,1,LOO_SGS8,8,2,0,0,0.0,0.0,0.0,0.0,1.0,1.0,AfterSplit,GenAugSpoofOnly_KF,7,0.2,2,2,LOO_SGS8,1
722,2,0,LOO_SGS8,8,2,0,0,0.0,0.0,0.0,0.0,1.0,1.0,AfterSplit,GenAugSpoofOnly_KF,7,0.2,2,2,LOO_SGS8,0
723,2,2,LOO_IP7P,8,4,0,0,0.0,0.0,0.0,0.0,1.0,1.0,AfterSplit,GenAugSpoofOnly_KF,7,0.3,2,2,LOO_IP7P,2
724,2,1,LOO_IP7P,8,4,0,0,0.0,0.0,0.0,0.0,1.0,1.0,AfterSplit,GenAugSpoofOnly_KF,7,0.3,2,2,LOO_IP7P,1
725,2,0,LOO_IP7P,8,4,0,0,0.0,0.0,0.0,0.0,1.0,1.0,AfterSplit,GenAugSpoofOnly_KF,7,0.3,2,2,LOO_IP7P,0
726,2,2,LOO_ASUS,8,4,0,0,0.0,0.0,0.0,0.0,1.0,1.0,AfterSplit,GenAugSpoofOnly_KF,7,0.3,2,2,LOO_ASUS,2
727,2,1,LOO_ASUS,8,4,0,0,0.0,0.0,0.0,0.0,1.0,1.0,AfterSplit,GenAugSpoofOnly_KF,7,0.3,2,2,LOO_ASUS,1
728,2,0,LOO_ASUS,8,4,0,0,0.0,0.0,0.0,0.0,1.0,1.0,AfterSplit,GenAugSpoofOnly_KF,7,0.3,2,2,LOO_ASUS,0
729,2,2,LOO_ASUS,8,4,0,0,0.0,0.0,0.0,0.0,1.0,1.0,AfterSplit,GenAugSpoofOnly_KF,7,0.05,2,2,LOO_ASUS,2
730,2,1,LOO_ASUS,8,4,0,0,0.0,0.0,0.0,0.0,1.0,1.0,AfterSplit,GenAugSpoofOnly_KF,7,0.05,2,2,LOO_ASUS,1
731,2,0,LOO_ASUS,7,4,0,1,0.0,0.125,0.0625,0.1111111111111111,1.1111111111111112,0.9375,AfterSplit,GenAugSpoofOnly_KF,7,0.05,2,2,LOO_ASUS,0
732,2,2,LOO_IPP2017,8,4,0,0,0.0,0.0,0.0,0.0,1.0,1.0,AfterSplit,GenAugSpoofOnly_KF,7,0.2,1,2,LOO_IPP2017,2
733,2,1,LOO_IPP2017,8,4,0,0,0.0,0.0,0.0,0.0,1.0,1.0,AfterSplit,GenAugSpoofOnly_KF,7,0.2,1,2,LOO_IPP2017,1
734,2,0,LOO_IPP2017,8,4,0,0,0.0,0.0,0.0,0.0,1.0,1.0,AfterSplit,GenAugSpoofOnly_KF,7,0.2,1,2,LOO_IPP2017,0
735,2,2,LOO_IPP2017,8,4,0,0,0.0,0.0,0.0,0.0,1.0,1.0,AfterSplit,GenAugSpoofOnly_KF,7,0.05,2,2,LOO_IPP2017,2
736,2,1,LOO_IPP2017,8,4,0,0,0.0,0.0,0.0,0.0,1.0,1.0,AfterSplit,GenAugSpoofOnly_KF,7,0.05,2,2,LOO_IPP2017,1
737,2,0,LOO_IPP2017,8,4,0,0,0.0,0.0,0.0,0.0,1.0,1.0,AfterSplit,GenAugSpoofOnly_KF,7,0.05,2,2,LOO_IPP2017,0
738,2,2,LOO_IPP2017,8,4,0,0,0.0,0.0,0.0,0.0,1.0,1.0,AfterSplit,GenAugSpoofOnly_KF,7,0.1,1,2,LOO_IPP2017,2
739,2,1,LOO_IPP2017,8,4,0,0,0.0,0.0,0.0,0.0,1.0,1.0,AfterSplit,GenAugSpoofOnly_KF,7,0.1,1,2,LOO_IPP2017,1
740,2,0,LOO_IPP2017,8,4,0,0,0.0,0.0,0.0,0.0,1.0,1.0,AfterSplit,GenAugSpoofOnly_KF,7,0.1,1,2,LOO_IPP2017,0
741,2,2,LOO_IP7P,7,4,0,1,0.0,0.125,0.0625,0.1111111111111111,1.1111111111111112,0.9375,AfterSplit,GenAugSpoofOnly_KF,7,0.05,2,2,LOO_IP7P,2
742,2,1,LOO_IP7P,8,4,0,0,0.0,0.0,0.0,0.0,1.0,1.0,AfterSplit,GenAugSpoofOnly_KF,7,0.05,2,2,LOO_IP7P,1
743,2,0,LOO_IP7P,8,4,0,0,0.0,0.0,0.0,0.0,1.0,1.0,AfterSplit,GenAugSpoofOnly_KF,7,0.05,2,2,LOO_IP7P,0
744,2,2,LOO_IP7P,8,4,0,0,0.0,0.0,0.0,0.0,1.0,1.0,AfterSplit,GenAugSpoofOnly_KF,7,0.1,2,2,LOO_IP7P,2
745,2,1,LOO_IP7P,8,4,0,0,0.0,0.0,0.0,0.0,1.0,1.0,AfterSplit,GenAugSpoofOnly_KF,7,0.1,2,2,LOO_IP7P,1
746,2,0,LOO_IP7P,8,4,0,0,0.0,0.0,0.0,0.0,1.0,1.0,AfterSplit,GenAugSpoofOnly_KF,7,0.1,2,2,LOO_IP7P,0
747,2,2,LOO_SGS8,8,2,0,0,0.0,0.0,0.0,0.0,1.0,1.0,AfterSplit,GenAugSpoofOnly_KF,7,0.3,1,2,LOO_SGS8,2
748,2,1,LOO_SGS8,8,2,0,0,0.0,0.0,0.0,0.0,1.0,1.0,AfterSplit,GenAugSpoofOnly_KF,7,0.3,1,2,LOO_SGS8,1
749,2,0,LOO_SGS8,8,2,0,0,0.0,0.0,0.0,0.0,1.0,1.0,AfterSplit,GenAugSpoofOnly_KF,7,0.3,1,2,LOO_SGS8,0
750,3,2,UnKnown_R,8,13,1,0,0.07142857142857142,0.0,0.03571428571428571,0.06666666666666664,0.9333333333333333,0.9642857142857143,AfterSplit,GenAugSpoofOnly_KF,7,0.05,2,3,UnKnown_R,2
751,3,1,UnKnown_R,8,14,0,0,0.0,0.0,0.0,0.0,1.0,1.0,AfterSplit,GenAugSpoofOnly_KF,7,0.05,2,3,UnKnown_R,1
752,3,0,UnKnown_R,8,14,0,0,0.0,0.0,0.0,0.0,1.0,1.0,AfterSplit,GenAugSpoofOnly_KF,7,0.05,2,3,UnKnown_R,0
753,2,2,LOO_SGS8,8,2,0,0,0.0,0.0,0.0,0.0,1.0,1.0,AfterSplit,GenAugSpoofOnly_KF,7,0.05,1,2,LOO_SGS8,2
754,2,1,LOO_SGS8,8,2,0,0,0.0,0.0,0.0,0.0,1.0,1.0,AfterSplit,GenAugSpoofOnly_KF,7,0.05,1,2,LOO_SGS8,1
755,2,0,LOO_SGS8,8,2,0,0,0.0,0.0,0.0,0.0,1.0,1.0,AfterSplit,GenAugSpoofOnly_KF,7,0.05,1,2,LOO_SGS8,0
756,3,2,UnKnown_R,8,13,1,0,0.07142857142857142,0.0,0.03571428571428571,0.06666666666666664,0.9333333333333333,0.9642857142857143,BeforeSplit,GenAugSpoofOnly_KF,7,0.3,2,3,UnKnown_R,2
757,3,1,UnKnown_R,8,13,1,0,0.07142857142857142,0.0,0.03571428571428571,0.06666666666666664,0.9333333333333333,0.9642857142857143,BeforeSplit,GenAugSpoofOnly_KF,7,0.3,2,3,UnKnown_R,1
758,3,0,UnKnown_R,8,13,1,0,0.07142857142857142,0.0,0.03571428571428571,0.06666666666666664,0.9333333333333333,0.9642857142857143,BeforeSplit,GenAugSpoofOnly_KF,7,0.3,2,3,UnKnown_R,0
759,2,2,LOO_IPP2017,8,4,0,0,0.0,0.0,0.0,0.0,1.0,1.0,BeforeSplit,GenAugSpoofOnly_KF,7,0.2,2,2,LOO_IPP2017,2
760,2,1,LOO_IPP2017,8,4,0,0,0.0,0.0,0.0,0.0,1.0,1.0,BeforeSplit,GenAugSpoofOnly_KF,7,0.2,2,2,LOO_IPP2017,1
761,2,0,LOO_IPP2017,8,4,0,0,0.0,0.0,0.0,0.0,1.0,1.0,BeforeSplit,GenAugSpoofOnly_KF,7,0.2,2,2,LOO_IPP2017,0
762,2,2,LOO_IP7P,8,4,0,0,0.0,0.0,0.0,0.0,1.0,1.0,BeforeSplit,GenAugSpoofOnly_KF,7,0.2,2,2,LOO_IP7P,2
763,2,1,LOO_IP7P,8,4,0,0,0.0,0.0,0.0,0.0,1.0,1.0,BeforeSplit,GenAugSpoofOnly_KF,7,0.2,2,2,LOO_IP7P,1
764,2,0,LOO_IP7P,8,4,0,0,0.0,0.0,0.0,0.0,1.0,1.0,BeforeSplit,GenAugSpoofOnly_KF,7,0.2,2,2,LOO_IP7P,0
765,3,2,UnKnown_P,8,4,0,0,0.0,0.0,0.0,0.0,1.0,1.0,BeforeSplit,GenAugSpoofOnly_KF,7,0.05,2,3,UnKnown_P,2
766,3,1,UnKnown_P,8,4,0,0,0.0,0.0,0.0,0.0,1.0,1.0,BeforeSplit,GenAugSpoofOnly_KF,7,0.05,2,3,UnKnown_P,1
767,3,0,UnKnown_P,8,4,0,0,0.0,0.0,0.0,0.0,1.0,1.0,BeforeSplit,GenAugSpoofOnly_KF,7,0.05,2,3,UnKnown_P,0
768,2,2,LOO_IP7P,8,4,0,0,0.0,0.0,0.0,0.0,1.0,1.0,BeforeSplit,GenAugSpoofOnly_KF,7,0.3,1,2,LOO_IP7P,2
769,2,1,LOO_IP7P,8,4,0,0,0.0,0.0,0.0,0.0,1.0,1.0,BeforeSplit,GenAugSpoofOnly_KF,7,0.3,1,2,LOO_IP7P,1
770,2,0,LOO_IP7P,8,4,0,0,0.0,0.0,0.0,0.0,1.0,1.0,BeforeSplit,GenAugSpoofOnly_KF,7,0.3,1,2,LOO_IP7P,0
771,2,2,LOO_IP7P,8,4,0,0,0.0,0.0,0.0,0.0,1.0,1.0,BeforeSplit,GenAugSpoofOnly_KF,7,0.1,1,2,LOO_IP7P,2
772,2,1,LOO_IP7P,8,4,0,0,0.0,0.0,0.0,0.0,1.0,1.0,BeforeSplit,GenAugSpoofOnly_KF,7,0.1,1,2,LOO_IP7P,1
773,2,0,LOO_IP7P,8,4,0,0,0.0,0.0,0.0,0.0,1.0,1.0,BeforeSplit,GenAugSpoofOnly_KF,7,0.1,1,2,LOO_IP7P,0
774,2,2,LOO_SGS8,8,2,0,0,0.0,0.0,0.0,0.0,1.0,1.0,BeforeSplit,GenAugSpoofOnly_KF,7,0.1,2,2,LOO_SGS8,2
775,2,1,LOO_SGS8,8,2,0,0,0.0,0.0,0.0,0.0,1.0,1.0,BeforeSplit,GenAugSpoofOnly_KF,7,0.1,2,2,LOO_SGS8,1
776,2,0,LOO_SGS8,8,2,0,0,0.0,0.0,0.0,0.0,1.0,1.0,BeforeSplit,GenAugSpoofOnly_KF,7,0.1,2,2,LOO_SGS8,0
777,3,2,UnKnown_R,8,13,1,0,0.07142857142857142,0.0,0.03571428571428571,0.06666666666666664,0.9333333333333333,0.9642857142857143,BeforeSplit,GenAugSpoofOnly_KF,7,0.3,1,3,UnKnown_R,2
778,3,1,UnKnown_R,8,13,1,0,0.07142857142857142,0.0,0.03571428571428571,0.06666666666666664,0.9333333333333333,0.9642857142857143,BeforeSplit,GenAugSpoofOnly_KF,7,0.3,1,3,UnKnown_R,1
779,3,0,UnKnown_R,8,14,0,0,0.0,0.0,0.0,0.0,1.0,1.0,BeforeSplit,GenAugSpoofOnly_KF,7,0.3,1,3,UnKnown_R,0
780,2,2,LOO_ASUS,8,4,0,0,0.0,0.0,0.0,0.0,1.0,1.0,BeforeSplit,GenAugSpoofOnly_KF,7,0.3,1,2,LOO_ASUS,2
781,2,1,LOO_ASUS,8,4,0,0,0.0,0.0,0.0,0.0,1.0,1.0,BeforeSplit,GenAugSpoofOnly_KF,7,0.3,1,2,LOO_ASUS,1
782,2,0,LOO_ASUS,8,4,0,0,0.0,0.0,0.0,0.0,1.0,1.0,BeforeSplit,GenAugSpoofOnly_KF,7,0.3,1,2,LOO_ASUS,0
783,2,2,LOO_SGS8,8,2,0,0,0.0,0.0,0.0,0.0,1.0,1.0,BeforeSplit,GenAugSpoofOnly_KF,7,0.3,2,2,LOO_SGS8,2
784,2,1,LOO_SGS8,8,2,0,0,0.0,0.0,0.0,0.0,1.0,1.0,BeforeSplit,GenAugSpoofOnly_KF,7,0.3,2,2,LOO_SGS8,1
785,2,0,LOO_SGS8,8,2,0,0,0.0,0.0,0.0,0.0,1.0,1.0,BeforeSplit,GenAugSpoofOnly_KF,7,0.3,2,2,LOO_SGS8,0
786,2,2,LOO_ASUS,8,4,0,0,0.0,0.0,0.0,0.0,1.0,1.0,BeforeSplit,GenAugSpoofOnly_KF,7,0.05,1,2,LOO_ASUS,2
787,2,1,LOO_ASUS,8,4,0,0,0.0,0.0,0.0,0.0,1.0,1.0,BeforeSplit,GenAugSpoofOnly_KF,7,0.05,1,2,LOO_ASUS,1
788,2,0,LOO_ASUS,8,4,0,0,0.0,0.0,0.0,0.0,1.0,1.0,BeforeSplit,GenAugSpoofOnly_KF,7,0.05,1,2,LOO_ASUS,0
789,2,2,LOO_IP7P,8,4,0,0,0.0,0.0,0.0,0.0,1.0,1.0,BeforeSplit,GenAugSpoofOnly_KF,7,0.2,1,2,LOO_IP7P,2
790,2,1,LOO_IP7P,8,4,0,0,0.0,0.0,0.0,0.0,1.0,1.0,BeforeSplit,GenAugSpoofOnly_KF,7,0.2,1,2,LOO_IP7P,1
791,2,0,LOO_IP7P,8,4,0,0,0.0,0.0,0.0,0.0,1.0,1.0,BeforeSplit,GenAugSpoofOnly_KF,7,0.2,1,2,LOO_IP7P,0
792,2,2,LOO_IP7P,8,4,0,0,0.0,0.0,0.0,0.0,1.0,1.0,BeforeSplit,GenAugSpoofOnly_KF,7,0.05,1,2,LOO_IP7P,2
793,2,1,LOO_IP7P,8,4,0,0,0.0,0.0,0.0,0.0,1.0,1.0,BeforeSplit,GenAugSpoofOnly_KF,7,0.05,1,2,LOO_IP7P,1
794,2,0,LOO_IP7P,8,4,0,0,0.0,0.0,0.0,0.0,1.0,1.0,BeforeSplit,GenAugSpoofOnly_KF,7,0.05,1,2,LOO_IP7P,0
795,3,2,UnKnown_P,8,4,0,0,0.0,0.0,0.0,0.0,1.0,1.0,BeforeSplit,GenAugSpoofOnly_KF,7,0.3,2,3,UnKnown_P,2
796,3,1,UnKnown_P,8,4,0,0,0.0,0.0,0.0,0.0,1.0,1.0,BeforeSplit,GenAugSpoofOnly_KF,7,0.3,2,3,UnKnown_P,1
797,3,0,UnKnown_P,8,4,0,0,0.0,0.0,0.0,0.0,1.0,1.0,BeforeSplit,GenAugSpoofOnly_KF,7,0.3,2,3,UnKnown_P,0
798,3,2,UnKnown_R,8,12,2,0,0.14285714285714285,0.0,0.07142857142857142,0.12500000000000006,0.875,0.9285714285714286,BeforeSplit,GenAugSpoofOnly_KF,7,0.2,2,3,UnKnown_R,2
799,3,1,UnKnown_R,8,11,3,0,0.21428571428571427,0.0,0.10714285714285714,0.1764705882352941,0.8235294117647058,0.8928571428571428,BeforeSplit,GenAugSpoofOnly_KF,7,0.2,2,3,UnKnown_R,1
800,3,0,UnKnown_R,8,14,0,0,0.0,0.0,0.0,0.0,1.0,1.0,BeforeSplit,GenAugSpoofOnly_KF,7,0.2,2,3,UnKnown_R,0
801,2,2,LOO_IPP2017,8,4,0,0,0.0,0.0,0.0,0.0,1.0,1.0,BeforeSplit,GenAugSpoofOnly_KF,7,0.3,2,2,LOO_IPP2017,2
802,2,1,LOO_IPP2017,8,4,0,0,0.0,0.0,0.0,0.0,1.0,1.0,BeforeSplit,GenAugSpoofOnly_KF,7,0.3,2,2,LOO_IPP2017,1
803,2,0,LOO_IPP2017,8,4,0,0,0.0,0.0,0.0,0.0,1.0,1.0,BeforeSplit,GenAugSpoofOnly_KF,7,0.3,2,2,LOO_IPP2017,0
804,2,2,LOO_ASUS,8,4,0,0,0.0,0.0,0.0,0.0,1.0,1.0,BeforeSplit,GenAugSpoofOnly_KF,7,0.1,2,2,LOO_ASUS,2
805,2,1,LOO_ASUS,8,4,0,0,0.0,0.0,0.0,0.0,1.0,1.0,BeforeSplit,GenAugSpoofOnly_KF,7,0.1,2,2,LOO_ASUS,1
806,2,0,LOO_ASUS,8,4,0,0,0.0,0.0,0.0,0.0,1.0,1.0,BeforeSplit,GenAugSpoofOnly_KF,7,0.1,2,2,LOO_ASUS,0
807,3,2,UnKnown_R,8,13,1,0,0.07142857142857142,0.0,0.03571428571428571,0.06666666666666664,0.9333333333333333,0.9642857142857143,BeforeSplit,GenAugSpoofOnly_KF,7,0.2,1,3,UnKnown_R,2
808,3,1,UnKnown_R,8,14,0,0,0.0,0.0,0.0,0.0,1.0,1.0,BeforeSplit,GenAugSpoofOnly_KF,7,0.2,1,3,UnKnown_R,1
809,3,0,UnKnown_R,8,14,0,0,0.0,0.0,0.0,0.0,1.0,1.0,BeforeSplit,GenAugSpoofOnly_KF,7,0.2,1,3,UnKnown_R,0
810,2,2,LOO_IPP2017,8,4,0,0,0.0,0.0,0.0,0.0,1.0,1.0,BeforeSplit,GenAugSpoofOnly_KF,7,0.05,1,2,LOO_IPP2017,2
811,2,1,LOO_IPP2017,8,4,0,0,0.0,0.0,0.0,0.0,1.0,1.0,BeforeSplit,GenAugSpoofOnly_KF,7,0.05,1,2,LOO_IPP2017,1
812,2,0,LOO_IPP2017,8,4,0,0,0.0,0.0,0.0,0.0,1.0,1.0,BeforeSplit,GenAugSpoofOnly_KF,7,0.05,1,2,LOO_IPP2017,0
813,2,2,LOO_ASUS,8,4,0,0,0.0,0.0,0.0,0.0,1.0,1.0,BeforeSplit,GenAugSpoofOnly_KF,7,0.2,1,2,LOO_ASUS,2
814,2,1,LOO_ASUS,8,4,0,0,0.0,0.0,0.0,0.0,1.0,1.0,BeforeSplit,GenAugSpoofOnly_KF,7,0.2,1,2,LOO_ASUS,1
815,2,0,LOO_ASUS,8,4,0,0,0.0,0.0,0.0,0.0,1.0,1.0,BeforeSplit,GenAugSpoofOnly_KF,7,0.2,1,2,LOO_ASUS,0
816,3,2,UnKnown_R,8,13,1,0,0.07142857142857142,0.0,0.03571428571428571,0.06666666666666664,0.9333333333333333,0.9642857142857143,BeforeSplit,GenAugSpoofOnly_KF,7,0.1,2,3,UnKnown_R,2
817,3,1,UnKnown_R,8,13,1,0,0.07142857142857142,0.0,0.03571428571428571,0.06666666666666664,0.9333333333333333,0.9642857142857143,BeforeSplit,GenAugSpoofOnly_KF,7,0.1,2,3,UnKnown_R,1
818,3,0,UnKnown_R,8,13,1,0,0.07142857142857142,0.0,0.03571428571428571,0.06666666666666664,0.9333333333333333,0.9642857142857143,BeforeSplit,GenAugSpoofOnly_KF,7,0.1,2,3,UnKnown_R,0
819,3,2,UnKnown_P,8,4,0,0,0.0,0.0,0.0,0.0,1.0,1.0,BeforeSplit,GenAugSpoofOnly_KF,7,0.1,2,3,UnKnown_P,2
820,3,1,UnKnown_P,8,4,0,0,0.0,0.0,0.0,0.0,1.0,1.0,BeforeSplit,GenAugSpoofOnly_KF,7,0.1,2,3,UnKnown_P,1
821,3,0,UnKnown_P,8,4,0,0,0.0,0.0,0.0,0.0,1.0,1.0,BeforeSplit,GenAugSpoofOnly_KF,7,0.1,2,3,UnKnown_P,0
822,3,2,UnKnown_P,8,4,0,0,0.0,0.0,0.0,0.0,1.0,1.0,BeforeSplit,GenAugSpoofOnly_KF,7,0.1,1,3,UnKnown_P,2
823,3,1,UnKnown_P,8,4,0,0,0.0,0.0,0.0,0.0,1.0,1.0,BeforeSplit,GenAugSpoofOnly_KF,7,0.1,1,3,UnKnown_P,1
824,3,0,UnKnown_P,8,3,1,0,0.25,0.0,0.125,0.2,0.8,0.875,BeforeSplit,GenAugSpoofOnly_KF,7,0.1,1,3,UnKnown_P,0
825,3,2,UnKnown_P,8,4,0,0,0.0,0.0,0.0,0.0,1.0,1.0,BeforeSplit,GenAugSpoofOnly_KF,7,0.05,1,3,UnKnown_P,2
826,3,1,UnKnown_P,8,3,1,0,0.25,0.0,0.125,0.2,0.8,0.875,BeforeSplit,GenAugSpoofOnly_KF,7,0.05,1,3,UnKnown_P,1
827,3,0,UnKnown_P,8,3,1,0,0.25,0.0,0.125,0.2,0.8,0.875,BeforeSplit,GenAugSpoofOnly_KF,7,0.05,1,3,UnKnown_P,0
828,3,2,UnKnown_P,8,4,0,0,0.0,0.0,0.0,0.0,1.0,1.0,BeforeSplit,GenAugSpoofOnly_KF,7,0.2,1,3,UnKnown_P,2
829,3,1,UnKnown_P,8,4,0,0,0.0,0.0,0.0,0.0,1.0,1.0,BeforeSplit,GenAugSpoofOnly_KF,7,0.2,1,3,UnKnown_P,1
830,3,0,UnKnown_P,8,3,1,0,0.25,0.0,0.125,0.2,0.8,0.875,BeforeSplit,GenAugSpoofOnly_KF,7,0.2,1,3,UnKnown_P,0
831,2,2,LOO_SGS8,8,2,0,0,0.0,0.0,0.0,0.0,1.0,1.0,BeforeSplit,GenAugSpoofOnly_KF,7,0.05,2,2,LOO_SGS8,2
832,2,1,LOO_SGS8,8,2,0,0,0.0,0.0,0.0,0.0,1.0,1.0,BeforeSplit,GenAugSpoofOnly_KF,7,0.05,2,2,LOO_SGS8,1
833,2,0,LOO_SGS8,7,2,0,1,0.0,0.125,0.0625,0.1111111111111111,1.1111111111111112,0.9375,BeforeSplit,GenAugSpoofOnly_KF,7,0.05,2,2,LOO_SGS8,0
834,3,2,UnKnown_P,8,4,0,0,0.0,0.0,0.0,0.0,1.0,1.0,BeforeSplit,GenAugSpoofOnly_KF,7,0.2,2,3,UnKnown_P,2
835,3,1,UnKnown_P,8,4,0,0,0.0,0.0,0.0,0.0,1.0,1.0,BeforeSplit,GenAugSpoofOnly_KF,7,0.2,2,3,UnKnown_P,1
836,3,0,UnKnown_P,8,4,0,0,0.0,0.0,0.0,0.0,1.0,1.0,BeforeSplit,GenAugSpoofOnly_KF,7,0.2,2,3,UnKnown_P,0
837,2,2,LOO_IPP2017,8,4,0,0,0.0,0.0,0.0,0.0,1.0,1.0,BeforeSplit,GenAugSpoofOnly_KF,7,0.3,1,2,LOO_IPP2017,2
838,2,1,LOO_IPP2017,8,4,0,0,0.0,0.0,0.0,0.0,1.0,1.0,BeforeSplit,GenAugSpoofOnly_KF,7,0.3,1,2,LOO_IPP2017,1
839,2,0,LOO_IPP2017,8,4,0,0,0.0,0.0,0.0,0.0,1.0,1.0,BeforeSplit,GenAugSpoofOnly_KF,7,0.3,1,2,LOO_IPP2017,0
840,2,2,LOO_ASUS,8,4,0,0,0.0,0.0,0.0,0.0,1.0,1.0,BeforeSplit,GenAugSpoofOnly_KF,7,0.1,1,2,LOO_ASUS,2
841,2,1,LOO_ASUS,8,4,0,0,0.0,0.0,0.0,0.0,1.0,1.0,BeforeSplit,GenAugSpoofOnly_KF,7,0.1,1,2,LOO_ASUS,1
842,2,0,LOO_ASUS,8,4,0,0,0.0,0.0,0.0,0.0,1.0,1.0,BeforeSplit,GenAugSpoofOnly_KF,7,0.1,1,2,LOO_ASUS,0
843,3,2,UnKnown_R,8,14,0,0,0.0,0.0,0.0,0.0,1.0,1.0,BeforeSplit,GenAugSpoofOnly_KF,7,0.05,1,3,UnKnown_R,2
844,3,1,UnKnown_R,8,13,1,0,0.07142857142857142,0.0,0.03571428571428571,0.06666666666666664,0.9333333333333333,0.9642857142857143,BeforeSplit,GenAugSpoofOnly_KF,7,0.05,1,3,UnKnown_R,1
845,3,0,UnKnown_R,8,12,2,0,0.14285714285714285,0.0,0.07142857142857142,0.12500000000000006,0.875,0.9285714285714286,BeforeSplit,GenAugSpoofOnly_KF,7,0.05,1,3,UnKnown_R,0
846,2,2,LOO_ASUS,8,4,0,0,0.0,0.0,0.0,0.0,1.0,1.0,BeforeSplit,GenAugSpoofOnly_KF,7,0.2,2,2,LOO_ASUS,2
847,2,1,LOO_ASUS,8,4,0,0,0.0,0.0,0.0,0.0,1.0,1.0,BeforeSplit,GenAugSpoofOnly_KF,7,0.2,2,2,LOO_ASUS,1
848,2,0,LOO_ASUS,8,4,0,0,0.0,0.0,0.0,0.0,1.0,1.0,BeforeSplit,GenAugSpoofOnly_KF,7,0.2,2,2,LOO_ASUS,0
849,3,2,UnKnown_R,8,12,2,0,0.14285714285714285,0.0,0.07142857142857142,0.12500000000000006,0.875,0.9285714285714286,BeforeSplit,GenAugSpoofOnly_KF,7,0.1,1,3,UnKnown_R,2
850,3,1,UnKnown_R,8,14,0,0,0.0,0.0,0.0,0.0,1.0,1.0,BeforeSplit,GenAugSpoofOnly_KF,7,0.1,1,3,UnKnown_R,1
851,3,0,UnKnown_R,8,12,2,0,0.14285714285714285,0.0,0.07142857142857142,0.12500000000000006,0.875,0.9285714285714286,BeforeSplit,GenAugSpoofOnly_KF,7,0.1,1,3,UnKnown_R,0
852,3,2,UnKnown_P,8,4,0,0,0.0,0.0,0.0,0.0,1.0,1.0,BeforeSplit,GenAugSpoofOnly_KF,7,0.3,1,3,UnKnown_P,2
853,3,1,UnKnown_P,8,4,0,0,0.0,0.0,0.0,0.0,1.0,1.0,BeforeSplit,GenAugSpoofOnly_KF,7,0.3,1,3,UnKnown_P,1
854,3,0,UnKnown_P,8,4,0,0,0.0,0.0,0.0,0.0,1.0,1.0,BeforeSplit,GenAugSpoofOnly_KF,7,0.3,1,3,UnKnown_P,0
855,2,2,LOO_IPP2017,8,4,0,0,0.0,0.0,0.0,0.0,1.0,1.0,BeforeSplit,GenAugSpoofOnly_KF,7,0.1,2,2,LOO_IPP2017,2
856,2,1,LOO_IPP2017,8,4,0,0,0.0,0.0,0.0,0.0,1.0,1.0,BeforeSplit,GenAugSpoofOnly_KF,7,0.1,2,2,LOO_IPP2017,1
857,2,0,LOO_IPP2017,8,4,0,0,0.0,0.0,0.0,0.0,1.0,1.0,BeforeSplit,GenAugSpoofOnly_KF,7,0.1,2,2,LOO_IPP2017,0
858,2,2,LOO_SGS8,8,2,0,0,0.0,0.0,0.0,0.0,1.0,1.0,BeforeSplit,GenAugSpoofOnly_KF,7,0.1,1,2,LOO_SGS8,2
859,2,1,LOO_SGS8,8,2,0,0,0.0,0.0,0.0,0.0,1.0,1.0,BeforeSplit,GenAugSpoofOnly_KF,7,0.1,1,2,LOO_SGS8,1
860,2,0,LOO_SGS8,8,2,0,0,0.0,0.0,0.0,0.0,1.0,1.0,BeforeSplit,GenAugSpoofOnly_KF,7,0.1,1,2,LOO_SGS8,0
861,2,2,LOO_SGS8,8,2,0,0,0.0,0.0,0.0,0.0,1.0,1.0,BeforeSplit,GenAugSpoofOnly_KF,7,0.2,1,2,LOO_SGS8,2
862,2,1,LOO_SGS8,8,2,0,0,0.0,0.0,0.0,0.0,1.0,1.0,BeforeSplit,GenAugSpoofOnly_KF,7,0.2,1,2,LOO_SGS8,1
863,2,0,LOO_SGS8,8,2,0,0,0.0,0.0,0.0,0.0,1.0,1.0,BeforeSplit,GenAugSpoofOnly_KF,7,0.2,1,2,LOO_SGS8,0
864,2,2,LOO_SGS8,8,2,0,0,0.0,0.0,0.0,0.0,1.0,1.0,BeforeSplit,GenAugSpoofOnly_KF,7,0.2,2,2,LOO_SGS8,2
865,2,1,LOO_SGS8,8,2,0,0,0.0,0.0,0.0,0.0,1.0,1.0,BeforeSplit,GenAugSpoofOnly_KF,7,0.2,2,2,LOO_SGS8,1
866,2,0,LOO_SGS8,8,2,0,0,0.0,0.0,0.0,0.0,1.0,1.0,BeforeSplit,GenAugSpoofOnly_KF,7,0.2,2,2,LOO_SGS8,0
867,2,2,LOO_IP7P,8,4,0,0,0.0,0.0,0.0,0.0,1.0,1.0,BeforeSplit,GenAugSpoofOnly_KF,7,0.3,2,2,LOO_IP7P,2
868,2,1,LOO_IP7P,8,4,0,0,0.0,0.0,0.0,0.0,1.0,1.0,BeforeSplit,GenAugSpoofOnly_KF,7,0.3,2,2,LOO_IP7P,1
869,2,0,LOO_IP7P,8,4,0,0,0.0,0.0,0.0,0.0,1.0,1.0,BeforeSplit,GenAugSpoofOnly_KF,7,0.3,2,2,LOO_IP7P,0
870,2,2,LOO_ASUS,8,4,0,0,0.0,0.0,0.0,0.0,1.0,1.0,BeforeSplit,GenAugSpoofOnly_KF,7,0.3,2,2,LOO_ASUS,2
871,2,1,LOO_ASUS,8,4,0,0,0.0,0.0,0.0,0.0,1.0,1.0,BeforeSplit,GenAugSpoofOnly_KF,7,0.3,2,2,LOO_ASUS,1
872,2,0,LOO_ASUS,8,4,0,0,0.0,0.0,0.0,0.0,1.0,1.0,BeforeSplit,GenAugSpoofOnly_KF,7,0.3,2,2,LOO_ASUS,0
873,2,2,LOO_ASUS,8,4,0,0,0.0,0.0,0.0,0.0,1.0,1.0,BeforeSplit,GenAugSpoofOnly_KF,7,0.05,2,2,LOO_ASUS,2
874,2,1,LOO_ASUS,8,4,0,0,0.0,0.0,0.0,0.0,1.0,1.0,BeforeSplit,GenAugSpoofOnly_KF,7,0.05,2,2,LOO_ASUS,1
875,2,0,LOO_ASUS,8,4,0,0,0.0,0.0,0.0,0.0,1.0,1.0,BeforeSplit,GenAugSpoofOnly_KF,7,0.05,2,2,LOO_ASUS,0
876,2,2,LOO_IPP2017,8,4,0,0,0.0,0.0,0.0,0.0,1.0,1.0,BeforeSplit,GenAugSpoofOnly_KF,7,0.2,1,2,LOO_IPP2017,2
877,2,1,LOO_IPP2017,8,4,0,0,0.0,0.0,0.0,0.0,1.0,1.0,BeforeSplit,GenAugSpoofOnly_KF,7,0.2,1,2,LOO_IPP2017,1
878,2,0,LOO_IPP2017,8,4,0,0,0.0,0.0,0.0,0.0,1.0,1.0,BeforeSplit,GenAugSpoofOnly_KF,7,0.2,1,2,LOO_IPP2017,0
879,2,2,LOO_IPP2017,8,4,0,0,0.0,0.0,0.0,0.0,1.0,1.0,BeforeSplit,GenAugSpoofOnly_KF,7,0.05,2,2,LOO_IPP2017,2
880,2,1,LOO_IPP2017,8,2,2,0,0.5,0.0,0.25,0.3333333333333333,0.6666666666666667,0.75,BeforeSplit,GenAugSpoofOnly_KF,7,0.05,2,2,LOO_IPP2017,1
881,2,0,LOO_IPP2017,8,4,0,0,0.0,0.0,0.0,0.0,1.0,1.0,BeforeSplit,GenAugSpoofOnly_KF,7,0.05,2,2,LOO_IPP2017,0
882,2,2,LOO_IPP2017,8,4,0,0,0.0,0.0,0.0,0.0,1.0,1.0,BeforeSplit,GenAugSpoofOnly_KF,7,0.1,1,2,LOO_IPP2017,2
883,2,1,LOO_IPP2017,8,3,1,0,0.25,0.0,0.125,0.2,0.8,0.875,BeforeSplit,GenAugSpoofOnly_KF,7,0.1,1,2,LOO_IPP2017,1
884,2,0,LOO_IPP2017,8,4,0,0,0.0,0.0,0.0,0.0,1.0,1.0,BeforeSplit,GenAugSpoofOnly_KF,7,0.1,1,2,LOO_IPP2017,0
885,2,2,LOO_IP7P,8,4,0,0,0.0,0.0,0.0,0.0,1.0,1.0,BeforeSplit,GenAugSpoofOnly_KF,7,0.05,2,2,LOO_IP7P,2
886,2,1,LOO_IP7P,8,4,0,0,0.0,0.0,0.0,0.0,1.0,1.0,BeforeSplit,GenAugSpoofOnly_KF,7,0.05,2,2,LOO_IP7P,1
887,2,0,LOO_IP7P,8,4,0,0,0.0,0.0,0.0,0.0,1.0,1.0,BeforeSplit,GenAugSpoofOnly_KF,7,0.05,2,2,LOO_IP7P,0
888,2,2,LOO_IP7P,8,4,0,0,0.0,0.0,0.0,0.0,1.0,1.0,BeforeSplit,GenAugSpoofOnly_KF,7,0.1,2,2,LOO_IP7P,2
889,2,1,LOO_IP7P,8,4,0,0,0.0,0.0,0.0,0.0,1.0,1.0,BeforeSplit,GenAugSpoofOnly_KF,7,0.1,2,2,LOO_IP7P,1
890,2,0,LOO_IP7P,8,4,0,0,0.0,0.0,0.0,0.0,1.0,1.0,BeforeSplit,GenAugSpoofOnly_KF,7,0.1,2,2,LOO_IP7P,0
891,2,2,LOO_SGS8,8,2,0,0,0.0,0.0,0.0,0.0,1.0,1.0,BeforeSplit,GenAugSpoofOnly_KF,7,0.3,1,2,LOO_SGS8,2
892,2,1,LOO_SGS8,8,2,0,0,0.0,0.0,0.0,0.0,1.0,1.0,BeforeSplit,GenAugSpoofOnly_KF,7,0.3,1,2,LOO_SGS8,1
893,2,0,LOO_SGS8,8,2,0,0,0.0,0.0,0.0,0.0,1.0,1.0,BeforeSplit,GenAugSpoofOnly_KF,7,0.3,1,2,LOO_SGS8,0
894,3,2,UnKnown_R,8,13,1,0,0.07142857142857142,0.0,0.03571428571428571,0.06666666666666664,0.9333333333333333,0.9642857142857143,BeforeSplit,GenAugSpoofOnly_KF,7,0.05,2,3,UnKnown_R,2
895,3,1,UnKnown_R,8,13,1,0,0.07142857142857142,0.0,0.03571428571428571,0.06666666666666664,0.9333333333333333,0.9642857142857143,BeforeSplit,GenAugSpoofOnly_KF,7,0.05,2,3,UnKnown_R,1
896,3,0,UnKnown_R,8,13,1,0,0.07142857142857142,0.0,0.03571428571428571,0.06666666666666664,0.9333333333333333,0.9642857142857143,BeforeSplit,GenAugSpoofOnly_KF,7,0.05,2,3,UnKnown_R,0
897,2,2,LOO_SGS8,8,2,0,0,0.0,0.0,0.0,0.0,1.0,1.0,BeforeSplit,GenAugSpoofOnly_KF,7,0.05,1,2,LOO_SGS8,2
898,2,1,LOO_SGS8,8,2,0,0,0.0,0.0,0.0,0.0,1.0,1.0,BeforeSplit,GenAugSpoofOnly_KF,7,0.05,1,2,LOO_SGS8,1
899,2,0,LOO_SGS8,8,2,0,0,0.0,0.0,0.0,0.0,1.0,1.0,BeforeSplit,GenAugSpoofOnly_KF,7,0.05,1,2,LOO_SGS8,0
